DATE,peak_demand,day_of_week,year,is_weekend,feelslike,precip,windspeed,winddir,sea level pressure,visibility,solarenergy,uvindex,moonphase,lagging_average,previous_difference,relative_humidity,month_cyclic,windchill
2018-01-07 00:00:00,4016,6,2018,TRUE,11.7,0,20.5,270.5,1014.9,1.5,15.1,7,0.67,4145.428571,-143,70.03622268,0.5,9.983976061
2018-01-08 00:00:00,4290,0,2018,FALSE,12,0,13,265.6,1016.8,1.4,15.2,7,0.71,4180.857143,274,66.32639835,0.5,10.97677177
2018-01-09 00:00:00,4225,1,2018,FALSE,12.6,0,16.6,274.5,1018.8,1.4,15.3,7,0.75,4210,-65,69.1818091,0.5,10.95927406
2018-01-10 00:00:00,4241,2,2018,FALSE,13.4,0,23,269.7,1018.4,1.6,15.4,7,0.77,4209.714286,16,63.97226888,0.5,11.9557052
2018-01-11 00:00:00,4205,3,2018,FALSE,13.4,0,22.2,270.7,1016.9,1.8,15.3,7,0.81,4228.571429,-36,63.10163105,0.5,12.01072522
2018-01-12 00:00:00,4233,4,2018,FALSE,14.5,0,15,267.3,1015.8,1.9,14.9,7,0.84,4195.571429,28,59.91695968,0.5,13.58605565
2018-01-13 00:00:00,3959,5,2018,TRUE,14.3,0,17.3,289.2,1016.1,1.8,15.6,7,0.87,4167,-274,60.67199563,0.5,13.01317749
2018-01-14 00:00:00,3960,6,2018,TRUE,14.2,0,16.6,267.1,1016,2,15.6,7,0.91,4159,1,58.21878436,0.5,13.07242115
2018-01-15 00:00:00,3999,0,2018,FALSE,13.8,0,22.4,279.7,1016.1,1.6,15.8,7,0.94,4117.428571,39,66.21696736,0.5,12.12417129
2018-01-16 00:00:00,3910,1,2018,FALSE,14.8,0,14.8,275.3,1013.6,2.2,16.1,7,0.97,4072.428571,-89,54.55981383,0.5,14.34355357
2018-01-17 00:00:00,4041,2,2018,FALSE,14.2,0,14.8,113.4,1014.6,1.4,15.6,7,0,4043.857143,131,67.22988501,0.5,13.35817912
2018-01-18 00:00:00,3969,3,2018,FALSE,16.7,0,13,272.3,1015.1,1.1,15.6,7,0.04,4010.142857,-72,68.1595645,0.5,16.3411965
2018-01-19 00:00:00,3993,4,2018,FALSE,15.1,0,16.6,276.4,1016,0.8,15.6,7,0.08,3975.857143,24,76.50500421,0.5,14.0668433
2018-01-20 00:00:00,3825,5,2018,TRUE,13.5,0,20.5,273.9,1015.1,1.2,16.2,7,0.11,3956.714286,-168,68.97327743,0.5,12.25984379
2018-01-21 00:00:00,3908,6,2018,TRUE,14.3,0,13,279.6,1014.4,2.4,16.3,7,0.14,3949.285714,83,57.81855244,0.5,13.41514664
2018-01-22 00:00:00,4024,0,2018,FALSE,15.4,0,11.2,134.7,1013,1.5,16.3,7,0.18,3952.857143,116,61.76792693,0.5,14.94322663
2018-01-23 00:00:00,3899,1,2018,FALSE,13.5,1,18.4,103.5,1010.7,1.3,8.4,4,0.21,3951.285714,-125,82.62057204,0.5,11.9213474
2018-01-24 00:00:00,4077,2,2018,FALSE,12.5,0,14.8,268.7,1013.5,0.8,12.1,6,0.25,3956.428571,178,88.20815026,0.5,11.14108658
2018-01-25 00:00:00,4052,3,2018,FALSE,11.2,0,15.5,262.2,1013.1,0.5,16.2,7,0.25,3968.285714,-25,92.35550814,0.5,10.07928604
2018-01-26 00:00:00,3555,4,2018,FALSE,11.5,0,11.2,297.4,1013.7,0.5,15.9,7,0.32,3905.714286,-497,89.31759794,0.5,10.48434275
2018-01-27 00:00:00,3940,5,2018,TRUE,12.3,0,9.8,298.6,1013.9,1,16.4,7,0.35,3922.142857,385,79.24727653,0.5,11.7672559
2018-01-28 00:00:00,4063,6,2018,TRUE,12.7,0,13,286.5,1014.6,1,16.7,7,0.39,3944.285714,123,73.13600553,0.5,11.83020297
2018-01-29 00:00:00,4059,0,2018,FALSE,13.7,0,14.8,289.9,1016.1,1.4,16.8,7,0.42,3949.285714,-4,69.42244008,0.5,12.61914827
2018-01-30 00:00:00,3980,1,2018,FALSE,16.8,0,22.3,279.6,1015.5,2,16.6,7,0.46,3960.857143,-79,59.25790747,0.5,15.95032516
2018-01-31 00:00:00,4072,2,2018,FALSE,16.9,0,31.6,270.4,1014.4,2,16.2,7,0.5,3960.142857,92,66.85405837,0.5,15.51023262
2018-02-01 00:00:00,3753,3,2018,FALSE,18.4,0,13,279.4,1014.4,2.3,16.7,7,0.52,3917.428571,-319,58.8288458,0.866025404,18.41381514
2018-02-02 00:00:00,3884,4,2018,FALSE,17.9,0,14.8,287.3,1012.7,2,17,7,0.56,3964.428571,131,65.74628995,0.866025404,17.66919237
2018-02-03 00:00:00,3783,5,2018,TRUE,16.9,0,14.8,301,1015.2,2.4,17.4,7,0.59,3942,-101,53.8870997,0.866025404,16.4374743
2018-02-04 00:00:00,3752,6,2018,TRUE,15,0,18.4,287.2,1015.8,2.4,17.8,8,0.62,3897.571429,-31,55.29164274,0.866025404,13.92670752
2018-02-05 00:00:00,3718,0,2018,FALSE,14.7,0,14.8,282.4,1017.9,1.7,15.5,7,0.65,3848.857143,-34,51.15424792,0.866025404,13.85086635
2018-02-06 00:00:00,3742,1,2018,FALSE,16.1,0,18.4,305.3,1017.9,2.2,12.6,6,0.69,3814.857143,24,51.15112877,0.866025404,15.1800576
2018-02-07 00:00:00,3818,2,2018,FALSE,14.8,0,20.4,278.6,1014.8,2.3,18.6,8,0.75,3778.571429,76,53.01884895,0.866025404,13.65752788
2018-02-08 00:00:00,3724,3,2018,FALSE,14.7,0,13,297.8,1013.9,2,18.2,8,0.75,3774.428571,-94,55.18814632,0.866025404,13.90282162
2018-02-09 00:00:00,3946,4,2018,FALSE,15.3,0,14.8,292.2,1013.9,2,18.5,8,0.78,3783.285714,222,54.61191462,0.866025404,14.58989719
2018-02-10 00:00:00,3726,5,2018,TRUE,16.3,0,13,15.9,1016.1,2.2,17.6,7,0.82,3775.142857,-220,48.44827487,0.866025404,15.85352152
2018-02-11 00:00:00,3707,6,2018,TRUE,18.1,0,70.4,130.6,1015.5,2.4,12.4,6,0.85,3768.714286,-19,45.06860682,0.866025404,16.08643462
2018-02-12 00:00:00,3736,0,2018,FALSE,16.5,0,18.4,114.1,1017.6,3,10.3,4,0.88,3771.285714,29,70.42020601,0.866025404,15.68139763
2018-02-13 00:00:00,3826,1,2018,FALSE,16.6,0,16.6,306.5,1022.1,2.9,16.1,7,0.91,3783.285714,90,74.26228018,0.866025404,15.93138485
2018-02-14 00:00:00,3944,2,2018,FALSE,15.7,0,23.2,286.8,1022.1,2.6,18.8,8,0.95,3801.285714,118,61.86123509,0.866025404,14.49665032
2018-02-15 00:00:00,3708,3,2018,FALSE,16.7,0,22.6,280.3,1019.8,2.5,18.6,8,0.98,3799,-236,65.07383004,0.866025404,15.80645369
2018-02-16 00:00:00,3826,4,2018,FALSE,17.4,0,18.4,280.2,1018.2,2.3,18.8,8,0,3781.857143,118,69.22978233,0.866025404,16.93474771
2018-02-17 00:00:00,3569,5,2018,TRUE,18.4,0,18.4,278,1013.2,2.4,18.7,8,0.05,3759.428571,-257,64.99006776,0.866025404,18.06276278
2018-02-18 00:00:00,3591,6,2018,TRUE,18.3,0,16.6,286.7,1012.3,2.4,19.3,8,0.08,3742.857143,22,57.25061079,0.866025404,18.04453193
2018-02-19 00:00:00,3549,0,2018,FALSE,18.5,0,17.3,270.6,1013.8,2.7,19.2,8,0.12,3716.142857,-42,52.88265054,0.866025404,18.37591703
2018-02-20 00:00:00,3590,1,2018,FALSE,19.5,0,16.6,286.3,1013.3,2.5,19.7,8,0.16,3682.428571,41,54.61129185,0.866025404,19.7847707
2018-02-21 00:00:00,3544,2,2018,FALSE,22.1,0,11.2,283,1011,2.8,18.7,8,0.19,3625.285714,-46,48.822088,0.866025404,23.49946327
2018-02-22 00:00:00,3495,3,2018,FALSE,22.6,0,14.8,306,1010.2,2.3,19.4,8,0.23,3594.857143,-49,55.78364735,0.866025404,23.82778274
2018-02-23 00:00:00,3599,4,2018,FALSE,23.6,0,11.2,347.9,1010.3,2.6,17.1,7,0.25,3562.428571,104,54.24958122,0.866025404,25.18660852
2018-02-24 00:00:00,3521,5,2018,TRUE,24.7,0,14.8,112.1,1012.1,2.6,18.1,8,0.3,3555.571429,-78,55.51238549,0.866025404,26.04487527
2018-02-25 00:00:00,3367,6,2018,TRUE,23,0,18.4,305.1,1015.5,2.6,19.8,8,0.33,3523.571429,-154,58.42271752,0.866025404,23.95350815
2018-02-26 00:00:00,3404,0,2018,FALSE,20.8,0,23.5,283.7,1013.6,2.9,20.6,8,0.37,3502.857143,37,62.59387194,0.866025404,20.8721443
2018-02-27 00:00:00,3425,1,2018,FALSE,22.5,0,22.4,281,1013,2.7,19.5,8,0.4,3479.285714,21,61.77044549,0.866025404,23.0767268
2018-02-28 00:00:00,3578,2,2018,FALSE,23.2,0,14.8,295,1013.1,2.4,18.4,8,0.44,3484.142857,153,63.53472697,0.866025404,24.19729816
2018-03-01 00:00:00,3537,3,2018,FALSE,22.7,0,14.8,313,1011.5,2.5,16.5,7,0.47,3490.142857,-41,56.14748561,1,23.82778274
2018-03-02 00:00:00,2384,4,2018,FALSE,23.3,0,18.4,303.3,1009.9,2.7,19.8,8,0.5,3316.571429,-1153,53.7972355,1,24.45484818
2018-03-03 00:00:00,2940,5,2018,TRUE,24.2,0,14.8,294.1,1007.7,2.8,18.3,8,0.54,3233.571429,556,50.99122053,1,25.79853165
2018-03-04 00:00:00,3055,6,2018,TRUE,22.9,0,22.3,300.7,1009.2,3,18.8,8,0.57,3189,115,51.96848079,1,23.84346045
2018-03-05 00:00:00,3278,0,2018,FALSE,21.7,0,22.3,291,1013,3,21.2,8,0.6,3171,223,53.73950244,1,22.31575685
2018-03-06 00:00:00,3319,1,2018,FALSE,20.8,0,28.2,277.3,1013.9,2.8,21.5,9,0.64,3155.857143,41,54.94277281,1,20.97856169
2018-03-07 00:00:00,3378,2,2018,FALSE,21.4,0,22.3,282.3,1012.8,2.9,22.2,9,0.67,3127.285714,59,51.91814222,1,21.93383095
2018-03-08 00:00:00,3364,3,2018,FALSE,23,0,13.7,262.3,1013.6,2.9,21.7,9,0.7,3102.571429,-14,47.81451417,1,24.60560228
2018-03-09 00:00:00,3527,4,2018,FALSE,23.8,0,16.6,307.3,1013.7,3.2,21.4,9,0.75,3265.857143,163,48.03064647,1,25.5026981
2018-03-10 00:00:00,3291,5,2018,TRUE,23.6,0,21.4,288,1012.7,3.4,22.3,9,0.77,3316,-236,46.73132955,1,25.13613487
2018-03-11 00:00:00,3188,6,2018,TRUE,23.5,0,16.6,276.3,1011.9,2.8,22.4,9,0.8,3335,-103,50.83364163,1,25.00548702
2018-03-12 00:00:00,3380,0,2018,FALSE,24.5,0,20.5,277.2,1011.6,3.1,22.4,9,0.83,3349.571429,192,45.46191447,1,26.29436147
2018-03-13 00:00:00,3482,1,2018,FALSE,25.7,0,18.4,260.9,1010,3.2,22.6,9,0.86,3372.857143,102,37.92172217,1,28.21489841
2018-03-14 00:00:00,3628,2,2018,FALSE,25.9,0,14.8,245.2,1008.1,3.7,22.5,9,0.89,3408.571429,146,33.45307003,1,28.50831141
2018-03-15 00:00:00,3573,3,2018,FALSE,25.2,0,25,294.6,1008.4,3.2,20.6,8,0.93,3438.428571,-55,42.16958856,1,26.98918939
2018-03-16 00:00:00,3610,4,2018,FALSE,24.3,0,18.4,299.8,1009.7,3,22.2,9,0.96,3450.285714,37,47.17570297,1,25.83353326
2018-03-17 00:00:00,3331,5,2018,TRUE,23.2,0,24.1,293.1,1011,3.7,23.6,9,0,3456,-279,41.33203841,1,24.43866952
2018-03-18 00:00:00,3175,6,2018,TRUE,23.7,0,20.5,292.7,1012.2,3.6,24,9,0.03,3454.142857,-156,37.80727638,1,25.4093018
2018-03-19 00:00:00,3472,0,2018,FALSE,25,0,16.6,274.7,1013.6,3.1,22.4,9,0.06,3467.285714,297,37.69642676,1,27.24293687
2018-03-20 00:00:00,3506,1,2018,FALSE,26.1,0,14.8,270.5,1010.6,3.1,22.1,9,0.1,3470.714286,34,36.79400018,1,28.75465503
2018-03-21 00:00:00,3589,2,2018,FALSE,26.2,0,22.3,305.4,1008.3,3.3,18.7,8,0.13,3465.142857,83,46.16972105,1,28.171954
2018-03-22 00:00:00,3585,3,2018,FALSE,24.3,0,22.3,299.3,1009.3,3,20.3,9,0.17,3466.857143,-4,54.75305155,1,25.62578133
2018-03-23 00:00:00,3576,4,2018,FALSE,23.8,0,17.3,284.4,1010.6,2.9,22.5,8,0.2,3462,-9,51.863993,1,25.11052018
2018-03-24 00:00:00,3349,5,2018,TRUE,25,0,38.7,284.5,1013,3.2,24.2,9,0.25,3464.571429,-227,47.08424263,1,26.5747393
2018-03-25 00:00:00,3109,6,2018,TRUE,25.2,0,22,279.7,1014.2,2.9,24.2,9,0.28,3455.142857,-240,46.22574451,1,27.0305149
2018-03-26 00:00:00,3575,0,2018,FALSE,25.9,0,22.3,283.9,1012.6,3,24.3,9,0.31,3469.857143,466,41.59331256,1,28.171954
2018-03-27 00:00:00,3766,1,2018,FALSE,27.1,0,16.9,295.9,1009.1,3.4,25.3,9,0.35,3507,191,31.65870568,1,30.22517609
2018-03-28 00:00:00,3704,2,2018,FALSE,28.2,0,22.3,285.5,1008.3,3.1,24.8,9,0.38,3523.428571,-62,29.52984165,1,31.73659575
2018-03-29 00:00:00,3698,3,2018,FALSE,27.7,0,24.1,290.5,1007.7,3.3,25.1,9,0.42,3539.571429,-6,34.43841313,1,30.84481713
2018-03-30 00:00:00,3752,4,2018,FALSE,27.9,0,22.7,276.4,1005.4,3.7,25.3,10,0.46,3564.714286,54,33.15065702,1,31.10028289
2018-03-31 00:00:00,3613,5,2018,TRUE,26.6,0,18.4,89.5,1007.8,3.4,24.6,9,0.5,3602.428571,-139,44.77629022,1,28.59090344
2018-04-01 00:00:00,3470,6,2018,TRUE,28.4,0,14.8,107.8,1009.5,3.4,24.9,9,0.52,3654,-143,43.50127107,0.866025404,30.60223214
2018-04-02 00:00:00,3926,0,2018,FALSE,29.1,0,16.6,109.4,1009.7,3.6,24.4,9,0.56,3704.142857,456,41.82589026,0.866025404,31.71783658
2018-04-03 00:00:00,4056,1,2018,FALSE,31.5,0,18.4,121.3,1008.4,3.5,23.7,9,0.59,3745.571429,130,39.48219901,0.866025404,34.10564378
2018-04-04 00:00:00,4218,2,2018,FALSE,31.9,0,16.6,60.4,1005.9,3.2,23.8,9,0.62,3819,162,37.01095841,0.866025404,35.07401136
2018-04-05 00:00:00,4391,3,2018,FALSE,31.6,0,16.6,315.2,1004.8,3.1,24.4,9,0.65,3918,173,37.40518973,0.866025404,34.70110305
2018-04-06 00:00:00,4385,4,2018,FALSE,28.8,1,27.7,89.3,1006.9,3.2,22,9,0.68,4008.428571,-6,39.72136453,0.866025404,31.75095206
2018-04-07 00:00:00,3684,5,2018,TRUE,28.4,0,20.5,106.4,1008.9,4.1,21,9,0.72,4018.571429,-701,47.83552711,0.866025404,30.34034855
2018-04-08 00:00:00,3657,6,2018,TRUE,29.9,0,203.8,101.2,1009.4,3.5,22.5,9,0.75,4045.285714,-27,46.38472086,0.866025404,32.21929726
2018-04-09 00:00:00,3816,0,2018,FALSE,26.3,1,22.3,82.1,1010.8,3.7,20.7,9,0.78,4029.571429,159,58.39235012,0.866025404,27.66271947
2018-04-10 00:00:00,4060,1,2018,FALSE,28.4,0,19.3,107.3,1008.8,3.2,23.1,9,0.81,4030.142857,244,50.38407255,0.866025404,30.5949264
2018-04-11 00:00:00,3941,2,2018,FALSE,27,0,22.3,64,1008.5,3.8,22,9,0.85,3990.571429,-119,52.92198531,0.866025404,28.5538799
2018-04-12 00:00:00,3885,3,2018,FALSE,26.9,1,27.7,295,1008.4,3.7,23.2,9,0.88,3918.285714,-56,46.93356602,0.866025404,28.89955387
2018-04-13 00:00:00,3894,4,2018,FALSE,27.7,0,16.6,304.7,1009.1,3.3,26.6,10,0.91,3848.142857,9,27.31258363,0.866025404,31.2206255
2018-04-14 00:00:00,3725,5,2018,TRUE,28.1,0,18.4,303.5,1008,3.3,25.7,10,0.94,3854,-169,26.86959614,0.866025404,31.72427863
2018-04-15 00:00:00,3856,6,2018,TRUE,30.4,0,13,292.6,1007.2,3.2,24.9,10,0.97,3882.428571,131,30.07819482,0.866025404,34.14133309
2018-04-16 00:00:00,4180,0,2018,FALSE,31.7,0,17.8,90.8,1007.3,2.7,23.1,9,0,3934.428571,324,32.55373066,0.866025404,35.22221322
2018-04-17 00:00:00,4454,1,2018,FALSE,31.5,0,22.3,340.7,1008.7,3.4,24.3,9,0.04,3990.714286,274,27.39425018,0.866025404,35.93778066
2018-04-18 00:00:00,4488,2,2018,FALSE,31,0,29.5,291.8,1008,3.7,26.9,10,0.08,4068.857143,34,25.38403152,0.866025404,35.66397359
2018-04-19 00:00:00,4677,3,2018,FALSE,31.6,0,20.6,291.2,1004.6,3.6,25.5,9,0.11,4182,189,25.34643603,0.866025404,36.15852002
2018-04-20 00:00:00,4685,4,2018,FALSE,31.5,0,29.7,217.3,1003.5,3.3,24.3,9,0.15,4295,8,22.35945304,0.866025404,36.57920457
2018-04-21 00:00:00,4202,5,2018,TRUE,28.3,0,20.5,294,1008.3,2.8,27.5,10,0.19,4363.142857,-483,26.23002214,0.866025404,32.1104679
2018-04-22 00:00:00,3828,6,2018,TRUE,27.8,0,27.8,292,1009.3,3.3,28.1,10,0.22,4359.142857,-374,22.27833987,0.866025404,31.49189904
2018-04-23 00:00:00,4188,0,2018,FALSE,28.6,0,18.4,290.8,1008.2,3.5,27.8,10,0.25,4360.285714,360,19.86667099,0.866025404,32.60162368
2018-04-24 00:00:00,4438,1,2018,FALSE,30,0,19.3,289.2,1006.9,3.3,27.8,10,0.29,4358,250,21.21227847,0.866025404,34.36951546
2018-04-25 00:00:00,4664,2,2018,FALSE,31.4,0,18.4,272.3,1004.1,3.3,27.3,10,0.33,4383.142857,226,17.75968895,0.866025404,36.61234393
2018-04-26 00:00:00,4919,3,2018,FALSE,32.9,0,14.8,303,1002.4,3.1,27.7,10,0.36,4417.714286,255,19.25978849,0.866025404,38.362056
2018-04-27 00:00:00,5200,4,2018,FALSE,34.1,0,20.5,99.7,1005.6,3.6,25.7,10,0.4,4491.285714,281,38.05871283,0.866025404,36.66220336
2018-04-28 00:00:00,4835,5,2018,TRUE,35.2,0,24.3,105.1,1005.1,2.7,26.2,10,0.44,4581.714286,-365,40.16736316,0.866025404,37.38347347
2018-04-29 00:00:00,4800,6,2018,TRUE,34.3,1,11.9,107.2,1002.2,2.3,25.8,9,0.47,4720.571429,-35,45.73872304,0.866025404,35.57225397
2018-04-30 00:00:00,4851,0,2018,FALSE,32.9,0,22.3,105.2,1000.5,3.1,24.7,10,0.5,4815.285714,51,43.95063036,0.866025404,35.30123749
2018-05-01 00:00:00,5093,1,2018,FALSE,33.7,0,24.1,104.5,1004,3.8,26.3,10,0.54,4908.857143,242,49.64767639,0.5,34.68850569
2018-05-02 00:00:00,5225,2,2018,FALSE,32.2,1,28.3,100.1,1005.7,2.9,25.2,10,0.57,4989,132,52.18406567,0.5,33.18064576
2018-05-03 00:00:00,4607,3,2018,FALSE,29.9,0,22.3,107.4,1006.1,3,25,9,0.6,4944.428571,-618,47.85033063,0.5,31.86390438
2018-05-04 00:00:00,4863,4,2018,FALSE,32.5,1,20.5,93.9,1006.5,3.6,25.8,9,0.64,4896.285714,256,49.80121522,0.5,33.88058724
2018-05-05 00:00:00,4929,5,2018,TRUE,34.4,1,13,65.7,1005.6,3.9,26.3,9,0.67,4909.714286,66,38.62580449,0.5,36.82354545
2018-05-06 00:00:00,4906,6,2018,TRUE,32.3,0,24.5,20.7,1006.2,3.3,25.7,10,0.7,4924.857143,-23,35.26613472,0.5,35.71996881
2018-05-07 00:00:00,5182,0,2018,FALSE,32.8,0,37.1,311,1004.5,3.4,26.1,10,0.73,4972.142857,276,31.40197477,0.5,36.95176602
2018-05-08 00:00:00,4784,1,2018,FALSE,29.5,0,27.7,311.8,1005.2,3.5,24.4,9,0.75,4928,-398,37.6325758,0.5,32.52860611
2018-05-09 00:00:00,4799,2,2018,FALSE,28.9,1,37.1,338.6,1007,3.6,26,10,0.8,4867.142857,15,45.00415269,0.5,30.97407563
2018-05-10 00:00:00,4899,3,2018,FALSE,31.6,0,14.8,298.4,1007.6,3.3,27.4,9,0.83,4908.857143,100,37.91528807,0.5,34.79007359
2018-05-11 00:00:00,5298,4,2018,FALSE,34.4,0,18.4,300.4,1004.5,2.9,27.6,10,0.86,4971,399,29.99504866,0.5,38.36703404
2018-05-12 00:00:00,5410,5,2018,TRUE,37.2,1,46.4,113,1003.7,3,25.8,9,0.9,5039.714286,112,36.51792532,0.5,39.91196925
2018-05-13 00:00:00,5344,6,2018,TRUE,35.1,1,30.2,64.9,1004.1,3.1,23.9,9,0.93,5102.285714,-66,47.12900414,0.5,35.67325731
2018-05-14 00:00:00,4946,0,2018,FALSE,30.6,0,16.6,111.5,1005.6,3.1,26.6,10,0.96,5068.571429,-398,46.78663099,0.5,32.4636532
2018-05-15 00:00:00,5382,1,2018,FALSE,34.5,0,18.4,95.4,1003.9,3.7,26.1,10,0,5154,436,48.26022418,0.5,35.23365885
2018-05-16 00:00:00,5350,2,2018,FALSE,34.6,1,37.1,314.6,1002.9,3.8,27.3,10,0.03,5232.714286,-32,31.17735383,0.5,38.81149192
2018-05-17 00:00:00,5387,3,2018,FALSE,34.5,0,27.7,322.4,1003.1,3.3,26.3,10,0.06,5302.428571,37,24.72646438,0.5,39.7867106
2018-05-18 00:00:00,5551,4,2018,FALSE,34.3,0,16.6,21,1003,3,24.8,9,0.1,5338.571429,164,29.41882747,0.5,38.30588336
2018-05-19 00:00:00,5451,5,2018,TRUE,34.7,0,18.4,217.9,1002.8,2.6,25.3,9,0.13,5344.428571,-100,33.39705678,0.5,38.11636403
2018-05-20 00:00:00,5341,6,2018,TRUE,33.6,0,16.6,334.4,1004,3.4,26.4,9,0.17,5344,-110,23.43268431,0.5,38.5544889
2018-05-21 00:00:00,5609,0,2018,FALSE,34.1,0,18.4,345.5,1004.2,3.7,28.5,10,0.2,5438.714286,268,15.80208348,0.5,40.49772917
2018-05-22 00:00:00,5849,1,2018,FALSE,35.7,0,18.4,348.3,1003.4,3.3,28.3,10,0.25,5505.428571,240,17.36361421,0.5,41.62574424
2018-05-23 00:00:00,6078,2,2018,FALSE,36.2,0,14.8,51.6,1002,3.1,24.8,10,0.28,5609.428571,229,23.63364538,0.5,40.94866395
2018-05-24 00:00:00,6029,3,2018,FALSE,35.5,0,14.8,348.2,1001.3,3.4,27.1,10,0.31,5701.142857,-49,21.0290321,0.5,40.45597672
2018-05-25 00:00:00,6008,4,2018,FALSE,34.9,0,22.2,298.9,1001.7,3.7,29,10,0.35,5766.428571,-21,15.62966098,0.5,40.89915267
2018-05-26 00:00:00,5851,5,2018,TRUE,35.7,0,16.9,272.1,1000.6,2.9,29,10,0.38,5823.571429,-157,16.17712439,0.5,41.30399748
2018-05-27 00:00:00,5959,6,2018,TRUE,36.4,0,22.6,252.2,999.8,3.6,28.7,10,0.42,5911.857143,108,13.7015716,0.5,42.6980027
2018-05-28 00:00:00,6209,0,2018,FALSE,35.9,0,14.8,50.2,998.3,3.3,27,9,0.45,5997.571429,250,24.2086009,0.5,40.70232034
2018-05-29 00:00:00,6285,1,2018,FALSE,38.3,0,22.3,105.9,997.2,3.4,27.1,10,0.5,6059.857143,76,27.49191775,0.5,41.53936055
2018-05-30 00:00:00,6442,2,2018,FALSE,38,0,20.8,130.7,999.1,2.8,25.2,9,0.52,6111.857143,157,41.51125597,0.5,38.82094578
2018-05-31 00:00:00,6417,3,2018,FALSE,38.6,0,18.4,128.1,1001,3.3,25.2,9,0.55,6167.285714,-25,35.43777078,0.5,40.49772917
2018-06-01 00:00:00,6651,4,2018,FALSE,39.3,0,31.7,96,1002,3.3,26.4,10,0.59,6259.142857,234,43.96344995,1.22465E-16,39.49389782
2018-06-02 00:00:00,5636,5,2018,TRUE,34.4,0,19.5,109.1,1002.8,3.4,27.2,9,0.62,6228.428571,-1015,44.86486108,1.22465E-16,35.63162618
2018-06-03 00:00:00,5955,6,2018,TRUE,38.7,0,20.5,91.3,1000.5,3.6,25.3,9,0.65,6227.857143,319,50.26447505,1.22465E-16,37.67370013
2018-06-04 00:00:00,6438,0,2018,FALSE,41.5,0,22.3,112.9,999.4,3.5,24,8,0.69,6260.571429,483,44.7713128,1.22465E-16,40.52089148
2018-06-05 00:00:00,6562,1,2018,FALSE,42.2,0,22.3,102.6,1001.8,3.2,23.2,8,0.72,6300.142857,124,44.85058302,1.22465E-16,40.90281738
2018-06-06 00:00:00,6377,2,2018,FALSE,40.2,0,22.3,74.4,1003.6,3.3,21.9,9,0.75,6290.857143,-185,56.96887569,1.22465E-16,37.210867
2018-06-07 00:00:00,6568,3,2018,FALSE,43,0,14.8,100.1,999.3,2.9,25,9,0.75,6312.428571,191,49.29450654,1.22465E-16,40.0864613
2018-06-08 00:00:00,6934,4,2018,FALSE,43.9,0,20.5,117.3,996.1,2.9,22.9,9,0.82,6352.857143,366,50.21656599,1.22465E-16,40.45531624
2018-06-09 00:00:00,6419,5,2018,TRUE,38.6,1,33.6,116.5,995.8,2.8,20.2,7,0.85,6464.714286,-515,65.07259169,1.22465E-16,35.7159324
2018-06-10 00:00:00,5952,6,2018,TRUE,37.6,1,16.6,265.1,996.4,2.8,22.1,9,0.88,6464.285714,-467,59.85412749,1.22465E-16,35.57122243
2018-06-11 00:00:00,6412,0,2018,FALSE,41.1,0,22.3,281.1,994.2,2.9,26.4,9,0.92,6460.571429,460,49.38744826,1.22465E-16,39.37511378
2018-06-12 00:00:00,6689,1,2018,FALSE,42.9,0,25.2,268.4,991.7,2.5,26,9,0.95,6478.714286,277,45.17625872,1.22465E-16,41.26071482
2018-06-13 00:00:00,6670,2,2018,FALSE,43.1,0,30.8,266.1,991.9,1.7,27.1,9,0.98,6520.571429,-19,37.99803278,1.22465E-16,43.39613465
2018-06-14 00:00:00,6621,3,2018,FALSE,40.5,0,24.2,260,994,1.8,27.1,9,0,6528.142857,-49,34.69692818,1.22465E-16,42.37978473
2018-06-15 00:00:00,6448,4,2018,FALSE,39.6,0,25.9,255.9,996.1,2.3,27,9,0.05,6458.714286,-173,36.47048921,1.22465E-16,41.41302696
2018-06-16 00:00:00,6254,5,2018,TRUE,40.3,0,28.4,251.2,998.4,2.7,23.2,9,0.09,6435.142857,-194,43.58672708,1.22465E-16,40.19476607
2018-06-17 00:00:00,6006,6,2018,TRUE,36.7,0,20.5,24.6,999.8,2.7,21.1,9,0.12,6442.857143,-248,54.04084503,1.22465E-16,35.90358078
2018-06-18 00:00:00,5821,0,2018,FALSE,35.6,0,24.1,295.7,999.8,3.1,22.8,9,0.15,6358.428571,-185,50.21367837,1.22465E-16,35.96973522
2018-06-19 00:00:00,6027,1,2018,FALSE,36.4,0,22.3,304.5,999.8,3.3,25.7,9,0.19,6263.857143,206,45.74736706,1.22465E-16,37.210867
2018-06-20 00:00:00,6256,2,2018,FALSE,39.9,0,18.4,326.9,1000.3,3.4,25.3,9,0.25,6204.714286,229,40.81810741,1.22465E-16,40.24705916
2018-06-21 00:00:00,6389,3,2018,FALSE,40.7,0,18.4,339,1000,2.7,23.7,9,0.26,6171.571429,133,40.92589301,1.22465E-16,40.74839919
2018-06-22 00:00:00,6699,4,2018,FALSE,40.7,0,22.3,322.5,998.9,3.1,26.6,9,0.29,6207.428571,310,34.72400533,1.22465E-16,42.43052099
2018-06-23 00:00:00,6472,5,2018,TRUE,42,0,16.6,322.4,998.5,2.9,22.8,9,0.33,6238.571429,-227,36.99583615,1.22465E-16,42.40787476
2018-06-24 00:00:00,6353,6,2018,TRUE,40.3,0,16.6,314.2,997.8,3.3,23.6,9,0.36,6288.142857,-119,34.8862216,1.22465E-16,41.91066368
2018-06-25 00:00:00,6848,0,2018,FALSE,40.9,0,27.2,277.8,995.7,3.1,25.7,9,0.4,6434.857143,495,39.09378371,1.22465E-16,41.71450379
2018-06-26 00:00:00,6512,1,2018,FALSE,36.7,0,16.6,268.6,996.4,3,14.8,6,0.43,6504.142857,-336,51.85412056,1.22465E-16,36.19273628
2018-06-27 00:00:00,6118,2,2018,FALSE,37.7,1,27.7,84.2,998.6,2.8,15,6,0.47,6484.428571,-394,70.8971104,1.22465E-16,33.95430521
2018-06-28 00:00:00,5671,3,2018,FALSE,34.9,1,18.4,95.4,1000.1,2.9,14.1,6,0.5,6381.857143,-447,81.49567208,1.22465E-16,31.84961364
2018-06-29 00:00:00,5498,4,2018,FALSE,36.4,1,21.4,109.3,1000,2.9,18.2,8,0.54,6210.285714,-173,77.78587573,1.22465E-16,32.49520762
2018-06-30 00:00:00,5649,5,2018,TRUE,38.2,0,27.7,119.3,1000.5,3,19.6,8,0.57,6092.714286,151,76.51750599,1.22465E-16,33.43586917
2018-07-01 00:00:00,5811,6,2018,TRUE,41.8,1,22.3,260.9,999.3,3.1,20.2,9,0.6,6015.285714,162,71.97344764,-0.5,35.55585476
2018-07-02 00:00:00,6206,0,2018,FALSE,38.1,1,21.3,245.6,996.8,3.7,21,8,0.64,5923.571429,395,64.64379406,-0.5,35.28491963
2018-07-03 00:00:00,6005,1,2018,FALSE,38,0,16.6,96.7,996.7,3.5,22,8,0.67,5851.142857,-201,70.09349621,-0.5,34.0795892
2018-07-04 00:00:00,5982,2,2018,FALSE,38.8,1,18.4,76.4,997.5,3.3,21,8,0.7,5831.714286,-23,68.14829283,-0.5,34.85765382
2018-07-05 00:00:00,6261,3,2018,FALSE,39.7,1,37.1,292.9,998.8,3.1,23.3,8,0.74,5916,279,69.78813164,-0.5,35.09204012
2018-07-06 00:00:00,6152,4,2018,FALSE,39.2,0,18.4,277.4,999.1,3.2,23.2,9,0.75,6009.428571,-109,59.63100492,-0.5,36.36167392
2018-07-07 00:00:00,6106,5,2018,TRUE,40.4,0,16.6,308.7,998.4,3.2,25.3,9,0.8,6074.714286,-46,55.0672667,-0.5,37.68436952
2018-07-08 00:00:00,6459,6,2018,TRUE,41.3,0,13,336.9,997.2,3.4,25.2,9,0.84,6167.285714,353,50.26523203,-0.5,38.8961641
2018-07-09 00:00:00,6998,0,2018,FALSE,44.5,0,22.3,109.9,997,2.9,22.6,8,0.87,6280.428571,539,60.37130195,-0.5,38.61126197
2018-07-10 00:00:00,7016,1,2018,FALSE,43.2,0,20.5,107.6,997.6,3,21.2,8,0.9,6424.857143,18,64.231231,-0.5,37.42082594
2018-07-11 00:00:00,6566,2,2018,FALSE,41.6,0,18.4,116.4,997.3,2.9,17.1,7,0.94,6508.285714,-450,70.31283604,-0.5,35.60966387
2018-07-12 00:00:00,6707,3,2018,FALSE,40.9,1,16.6,149.3,996.7,3.2,17,7,0.97,6572,141,67.8793155,-0.5,35.6955252
2018-07-13 00:00:00,6035,4,2018,FALSE,35.6,1,16.6,98.2,998,2.8,10.3,5,0,6555.285714,-672,84.90533164,-0.5,31.46923104
2018-07-14 00:00:00,5268,5,2018,TRUE,37.1,1,22.3,88.9,997.6,2.4,11.5,5,0.04,6435.571429,-767,85.94207611,-0.5,31.86390438
2018-07-15 00:00:00,5799,6,2018,TRUE,39.9,0,18.4,114.5,997.3,3.2,17.3,8,0.07,6341.285714,531,75.72527219,-0.5,34.23097879
2018-07-16 00:00:00,5688,0,2018,FALSE,39.7,1,16.6,91.3,997.7,2.9,13.1,5,0.11,6154.142857,-111,86.51373099,-0.5,32.71225873
2018-07-17 00:00:00,6216,1,2018,FALSE,42.4,0,14.8,97.5,997.9,3.4,18.3,8,0.14,6039.857143,528,73.68719438,-0.5,35.40593262
2018-07-18 00:00:00,6356,2,2018,FALSE,42.3,1,18.4,76.6,998.8,3,19.1,7,0.17,6009.857143,140,73.25544856,-0.5,35.48432886
2018-07-19 00:00:00,6442,3,2018,FALSE,41.2,1,11.9,82.5,998,2.7,21.1,8,0.21,5972,86,74.05593341,-0.5,34.84577864
2018-07-20 00:00:00,6038,4,2018,FALSE,38.1,1,13,357.4,997.9,2.7,18.3,7,0.25,5972.428571,-404,83.50198988,-0.5,32.43447068
2018-07-21 00:00:00,5568,5,2018,TRUE,37.3,1,14.8,85.3,998.3,2.3,11.6,6,0.28,6015.285714,-470,86.44896966,-0.5,31.83395021
2018-07-22 00:00:00,5030,6,2018,TRUE,35.7,1,14.8,89.5,998.5,2.5,8.1,4,0.31,5905.428571,-538,90.55279677,-0.5,30.97174756
2018-07-23 00:00:00,5616,0,2018,FALSE,37.7,1,22.3,102.2,998.5,3.2,15,6,0.34,5895.142857,586,78.76963569,-0.5,33.00968209
2018-07-24 00:00:00,6049,1,2018,FALSE,41.6,1,9.4,110.6,999,3.4,17.5,7,0.38,5871.285714,433,70.72909245,-0.5,35.36991055
2018-07-25 00:00:00,5735,2,2018,FALSE,37.5,1,18.4,236.9,998.6,3,12.1,5,0.41,5782.571429,-314,85.9516754,-0.5,31.97494865
2018-07-26 00:00:00,5312,3,2018,FALSE,32.3,1,36.4,286.3,998.8,2.7,5.4,3,0.45,5621.142857,-423,95.97288992,-0.5,29.24993188
2018-07-27 00:00:00,4721,4,2018,FALSE,30.6,1,14.8,296.6,997.9,2.6,3,2,0.48,5433,-591,97.10031021,-0.5,28.87782684
2018-07-28 00:00:00,4471,5,2018,TRUE,31.3,1,19.5,281.7,998.6,2.6,13.4,6,0.5,5276.285714,-250,93.74042176,-0.5,29.46131369
2018-07-29 00:00:00,5313,6,2018,TRUE,36.1,0,18.4,270.4,999.2,3.3,19.4,7,0.55,5316.714286,842,80.59963957,-0.5,32.47628868
2018-07-30 00:00:00,5633,0,2018,FALSE,37.3,1,16.6,255.5,998.7,3.6,21,8,0.58,5319.142857,320,77.82911553,-0.5,32.8365615
2018-07-31 00:00:00,5389,1,2018,FALSE,38.6,1,22.3,260.7,998.1,3.1,16.1,7,0.62,5224.857143,-244,75.20113843,-0.5,33.64622526
2018-08-01 00:00:00,5786,2,2018,FALSE,37.1,0,18.4,266.3,998.2,3.2,23.3,9,0.65,5232.142857,397,70.87911071,-0.866025404,33.72963875
2018-08-02 00:00:00,5929,3,2018,FALSE,38,0,21,260.6,999.7,3.1,22.8,8,0.69,5320.285714,143,67.66575926,-0.866025404,34.39310074
2018-08-03 00:00:00,5662,4,2018,FALSE,37.1,0,20.9,258.1,1000.2,3.2,21.1,8,0.72,5454.714286,-267,66.42207855,-0.866025404,34.13848628
2018-08-04 00:00:00,5670,5,2018,TRUE,37.2,0,18.4,255.1,999.6,3.3,17.7,7,0.75,5626,8,61.92111803,-0.866025404,34.85765382
2018-08-05 00:00:00,5520,6,2018,TRUE,35.6,1,17.7,218.2,999.9,3.2,12.2,5,0.79,5655.571429,-150,72.01741622,-0.866025404,32.72139198
2018-08-06 00:00:00,5054,0,2018,FALSE,33,1,11.2,77.7,1000.3,3,10,5,0.82,5572.857143,-466,85.80667729,-0.866025404,30.12753391
2018-08-07 00:00:00,5137,1,2018,FALSE,33.8,1,14.8,76.5,1000.3,2.9,13.6,6,0.86,5536.857143,83,85.85525109,-0.866025404,30.72540395
2018-08-08 00:00:00,5358,2,2018,FALSE,37.7,1,14.8,103.9,1000.6,2.8,12.1,6,0.89,5475.714286,221,82.52455296,-0.866025404,32.44980925
2018-08-09 00:00:00,5853,3,2018,FALSE,39.8,1,18.4,111.9,1002.8,3.6,19.9,8,0.93,5464.857143,495,74.41233075,-0.866025404,34.35631379
2018-08-10 00:00:00,5753,4,2018,FALSE,39.6,1,18.4,178.7,1001.6,3.4,18.6,8,0.96,5477.857143,-100,77.48613914,-0.866025404,33.85497376
2018-08-11 00:00:00,5775,5,2018,TRUE,40.6,1,18.4,259.6,998.4,3.4,14.7,7,0,5492.857143,22,74.02323266,-0.866025404,34.73231882
2018-08-12 00:00:00,5613,6,2018,TRUE,37.4,1,16.6,224.5,996.7,3.2,11.3,6,0.03,5506.142857,-162,72.12209225,-0.866025404,33.45807535
2018-08-13 00:00:00,5665,0,2018,FALSE,37.1,1,11.2,201.4,998,3.5,12.7,5,0.06,5593.428571,52,74.69267755,-0.866025404,33.01978291
2018-08-14 00:00:00,5814,1,2018,FALSE,39.4,1,13,51.9,999,3.3,20.4,8,0.09,5690.142857,149,73.95765794,-0.866025404,34.14133309
2018-08-15 00:00:00,5669,2,2018,FALSE,39.1,0,18.4,181.9,1000.5,3.3,18.8,8,0.13,5734.571429,-145,73.5047762,-0.866025404,34.10564378
2018-08-16 00:00:00,5844,3,2018,FALSE,38.5,1,15.2,87.9,1002.2,2.8,14.1,8,0.16,5733.285714,175,77.42786358,-0.866025404,33.31703244
2018-08-17 00:00:00,5937,4,2018,FALSE,41.5,0,16.6,92.7,999.9,3.2,17.8,7,0.19,5759.571429,93,76.23377567,-0.866025404,34.70110305
2018-08-18 00:00:00,5758,5,2018,TRUE,40.4,1,13,110.7,999.2,3.2,17.2,7,0.25,5757.142857,-179,77.51519694,-0.866025404,34.01941435
2018-08-19 00:00:00,5367,6,2018,TRUE,36.3,1,9.4,154.9,999.4,2.8,14.2,6,0.26,5722,-391,88.46283549,-0.866025404,31.20851216
2018-08-20 00:00:00,5829,0,2018,FALSE,38.6,1,20.5,107.5,1000.6,2.4,15.2,7,0.29,5745.428571,462,82.55956022,-0.866025404,32.86909047
2018-08-21 00:00:00,5880,1,2018,FALSE,40.2,0,20.5,112.7,1000.6,3,18.3,8,0.33,5754.857143,51,75.74075223,-0.866025404,34.38633563
2018-08-22 00:00:00,5689,2,2018,FALSE,39.1,1,14.8,131.4,1000.2,3.3,12.9,6,0.36,5757.714286,-191,77.45702806,-0.866025404,33.55835551
2018-08-23 00:00:00,5430,3,2018,FALSE,36.6,1,16.6,247.6,1000.8,3.5,10.8,5,0.39,5698.571429,-259,85.92284885,-0.866025404,31.59353381
2018-08-24 00:00:00,5480,4,2018,FALSE,37.3,0,16.6,261.8,1000.2,3.9,11.6,6,0.43,5633.285714,50,80.59963957,-0.866025404,32.4636532
2018-08-25 00:00:00,5287,5,2018,TRUE,36.3,0,21.6,268.8,999.7,3.7,20.1,8,0.46,5566,-193,75.95811082,-0.866025404,32.49638783
2018-08-26 00:00:00,5203,6,2018,TRUE,37.5,0,21.5,294.6,999.3,3.5,19.8,8,0.5,5542.571429,-84,72.13948541,-0.866025404,33.63815868
2018-08-27 00:00:00,5410,0,2018,FALSE,37.4,1,11.2,50.4,1000.9,3.4,11.3,5,0.53,5482.714286,207,82.0276141,-0.866025404,32.29672066
2018-08-28 00:00:00,5184,1,2018,FALSE,34.8,1,18.4,13.4,1002.1,2.5,13.3,6,0.56,5383.285714,-226,92.67649921,-0.866025404,30.34559354
2018-08-29 00:00:00,5130,2,2018,FALSE,34.6,1,16.6,117.3,1003.1,2.9,11.5,6,0.6,5303.428571,-54,91.06092888,-0.866025404,30.47480888
2018-08-30 00:00:00,5563,3,2018,FALSE,38.7,0,14.8,264.3,1000.9,2.7,16.7,7,0.63,5322.428571,433,80.21599992,-0.866025404,33.3120119
2018-08-31 00:00:00,5577,4,2018,FALSE,39.5,0,16.6,277.2,1001,3.3,18.7,7,0.67,5336.285714,14,75.26420937,-0.866025404,34.0795892
2018-09-01 00:00:00,5358,5,2018,TRUE,33.5,1,14.2,240.7,1003.3,2.6,12,6,0.7,5346.428571,-219,88.93074165,-1,30.35780517
2018-09-02 00:00:00,4591,6,2018,TRUE,31,1,18.4,305.2,1003.2,2.5,6.3,3,0.74,5259,-767,91.53268094,-1,29.09224347
2018-09-03 00:00:00,4119,0,2018,FALSE,30.6,1,13,46.5,1003.3,2.1,7.6,4,0.75,5074.571429,-472,92.61885818,-1,29.02074585
2018-09-04 00:00:00,4577,1,2018,FALSE,32,1,13,251.5,1003.9,2.1,10.7,6,0.81,4987.857143,458,91.55667114,-1,29.63033957
2018-09-05 00:00:00,4610,2,2018,FALSE,31.5,1,14.8,276.7,1003.3,2.7,12.6,6,0.84,4913.571429,33,87.33135889,-1,29.86320129
2018-09-06 00:00:00,5124,3,2018,FALSE,35.1,1,18.4,282.4,1002.6,3.2,18.4,8,0.88,4850.857143,514,77.28123584,-1,32.10028365
2018-09-07 00:00:00,4864,4,2018,FALSE,31.6,1,25.9,195.3,1004.3,2.5,14.7,6,0.91,4749,-260,89.42805102,-1,29.81313509
2018-09-08 00:00:00,4334,5,2018,TRUE,32.3,1,24.1,79,1004.6,2.9,15,6,0.95,4602.714286,-530,86.85030178,-1,30.33232532
2018-09-09 00:00:00,4231,6,2018,TRUE,31.5,0,20.5,117.2,1006,3.6,15,6,0,4551.285714,-103,82.79355065,-1,30.08747436
2018-09-10 00:00:00,4730,0,2018,FALSE,32.6,0,13,156.1,1007.5,3.1,16.4,7,0.02,4638.571429,499,83.32307332,-1,30.48377078
2018-09-11 00:00:00,5109,1,2018,FALSE,37.4,1,14.8,255.4,1006.9,3.3,14.9,6,0.05,4714.571429,379,79.66535825,-1,32.57298106
2018-09-12 00:00:00,5145,2,2018,FALSE,36.1,0,22.3,260.3,1004.3,3.6,19,7,0.08,4791,36,76.41149357,-1,32.50044755
2018-09-13 00:00:00,5165,3,2018,FALSE,34.8,0,18.4,262.2,1004,3.8,20.1,8,0.11,4796.857143,20,70.69826627,-1,32.47628868
2018-09-14 00:00:00,5100,4,2018,FALSE,33.8,0,18.4,265.8,1006.5,4.1,20.4,8,0.15,4830.571429,-65,71.05213667,-1,31.97494865
2018-09-15 00:00:00,4859,5,2018,TRUE,33.4,0,18.4,277.7,1008.1,4.2,20.1,8,0.18,4905.571429,-241,65.78049065,-1,32.60162368
2018-09-16 00:00:00,4861,6,2018,TRUE,33.4,0,20.5,282,1006.6,3.7,20.6,8,0.21,4995.571429,2,67.37142909,-1,32.48977918
2018-09-17 00:00:00,5099,0,2018,FALSE,33.8,0,16.6,297.5,1005.3,3.5,21.2,8,0.25,5048.285714,238,69.41544281,-1,32.33935043
2018-09-18 00:00:00,5100,1,2018,FALSE,33.2,0,18.4,291.6,1005.4,4,21.5,8,0.28,5047,1,66.15968275,-1,32.47628868
2018-09-19 00:00:00,5080,2,2018,FALSE,33.1,0,20.5,314.1,1005.7,3.6,22.1,9,0.31,5037.714286,-20,65.76003142,-1,32.48977918
2018-09-20 00:00:00,5225,3,2018,FALSE,32.5,0,11.2,23.4,1005.6,3.1,21.1,8,0.34,5046.285714,145,67.29232795,-1,31.93518954
2018-09-21 00:00:00,4982,4,2018,FALSE,32.5,1,22.3,104.1,1008.4,3.5,18,8,0.37,5029.428571,-243,72.22371742,-1,31.10005258
2018-09-22 00:00:00,4260,5,2018,TRUE,26.4,1,22.3,78.1,1008.7,3.1,6.1,4,0.41,4943.857143,-722,89.25570428,-1,26.89886766
2018-09-23 00:00:00,3966,6,2018,TRUE,29,1,25.9,105.6,1008.2,2.8,6.6,4,0.44,4816,-294,88.30105941,-1,28.6531459
2018-09-24 00:00:00,4235,0,2018,FALSE,25.8,1,16.6,164.1,1006.7,2.8,2.3,1,0.47,4692.571429,269,94.19943055,-1,26.62142303
2018-09-25 00:00:00,3995,1,2018,FALSE,24.4,1,18.4,282.1,1008.2,2.9,9.4,4,0.5,4534.714286,-240,91.3495048,-1,25.33219323
2018-09-26 00:00:00,4231,2,2018,FALSE,29.4,0,14.8,281.7,1007.9,3.9,17.8,8,0.54,4413.428571,236,79.73938187,-1,28.87782684
2018-09-27 00:00:00,4400,3,2018,FALSE,31.1,0,14.8,303.7,1008.6,3.5,19.7,7,0.58,4295.571429,169,74.81792524,-1,30.60223214
2018-09-28 00:00:00,4455,4,2018,FALSE,31.8,0,13,263.5,1009.3,3.1,20.3,8,0.61,4220.285714,55,64.90455168,-1,32.06871444
2018-09-29 00:00:00,4459,5,2018,TRUE,30.9,0,14.8,281.4,1010,3.2,20,8,0.65,4248.714286,4,65.13443466,-1,31.09491937
2018-09-30 00:00:00,4137,6,2018,TRUE,29.9,0,18.4,278.2,1009.4,3.6,20.7,8,0.68,4273.142857,-322,65.87400703,-1,30.72159857
2018-10-01 00:00:00,4568,0,2018,FALSE,30.6,0,14.8,277,1009.1,3.5,20.6,8,0.72,4320.714286,431,65.51323503,-0.866025404,30.97174756
2018-10-02 00:00:00,4167,1,2018,FALSE,30.9,0,14.8,280.1,1009.7,3.1,20.1,8,0.75,4345.285714,-401,62.48525679,-0.866025404,31.5876066
2018-10-03 00:00:00,4630,2,2018,FALSE,30.3,0,9.4,282.3,1009.2,3.5,19.7,8,0.79,4402.285714,463,55.56824191,-0.866025404,31.56520345
2018-10-04 00:00:00,4704,3,2018,FALSE,30.8,0,11.2,145.7,1010.5,3,19.1,8,0.83,4445.714286,74,61.70103228,-0.866025404,31.45314804
2018-10-05 00:00:00,4713,4,2018,FALSE,30.1,0,11.2,5.9,1011.7,2.9,19.8,8,0.86,4482.571429,9,61.99270601,-0.866025404,30.97110653
2018-10-06 00:00:00,4291,5,2018,TRUE,27.9,0,13,296.2,1011.4,3.5,19.8,8,0.9,4458.571429,-422,57.67824544,-0.866025404,29.75225831
2018-10-07 00:00:00,3975,6,2018,TRUE,27.4,0,13,305.9,1010.9,3,20,8,0.93,4435.428571,-316,58.62887601,-0.866025404,29.02074585
2018-10-08 00:00:00,4374,0,2018,FALSE,28.6,0,9.4,73.9,1009.2,2.8,20,8,0.97,4407.714286,399,56.67696167,-0.866025404,30.13843829
2018-10-09 00:00:00,4482,1,2018,FALSE,29.2,0,11.2,110.1,1008.2,3.2,19.4,8,0,4452.714286,108,57.48575856,-0.866025404,30.60957541
2018-10-10 00:00:00,4600,2,2018,FALSE,30.2,0,18.4,113.8,1008.7,3.1,18,8,0.04,4448.428571,118,67.05346077,-0.866025404,30.47092855
2018-10-11 00:00:00,4482,3,2018,FALSE,26.7,0,30.3,100.6,1010.6,3,16.9,8,0.07,4416.714286,-118,61.82036478,-0.866025404,27.7089247
2018-10-12 00:00:00,4173,4,2018,FALSE,25.1,0,9.4,14.2,1012.9,3.3,19.4,8,0.1,4339.571429,-309,53.53620302,-0.866025404,26.80931957
2018-10-13 00:00:00,3825,5,2018,TRUE,24.6,0,14.8,291,1013.1,2.9,19.6,8,0.13,4273,-348,58.40641297,-0.866025404,25.92170346
2018-10-14 00:00:00,3522,6,2018,TRUE,24.9,0,16.6,273.1,1012.3,3.4,19.9,8,0.16,4208.285714,-303,52.82614935,-0.866025404,26.49712026
2018-10-15 00:00:00,3963,0,2018,FALSE,25.6,0,9.4,307.5,1012.5,2.9,19,8,0.2,4149.571429,441,53.34590643,-0.866025404,27.52270216
2018-10-16 00:00:00,4083,1,2018,FALSE,26.4,0,11.2,142.9,1012.1,3.2,15.4,7,0.25,4092.571429,120,54.87752129,-0.866025404,28.1993679
2018-10-17 00:00:00,4042,2,2018,FALSE,26.4,0,11.2,262.1,1010.6,3.1,18.8,8,0.26,4012.857143,-41,48.07696176,-0.866025404,28.68140941
2018-10-18 00:00:00,4089,3,2018,FALSE,26.6,0,13,95.6,1009.9,2.8,17.8,7,0.29,3956.714286,47,55.57883796,-0.866025404,28.16731464
2018-10-19 00:00:00,3380,4,2018,FALSE,25.5,0,9.4,274,1011.7,2.5,18.1,8,0.33,3843.428571,-709,57.48991359,-0.866025404,27.04711377
2018-10-20 00:00:00,3756,5,2018,TRUE,25,0,9.4,355.6,1014,2.6,18.2,8,0.36,3833.571429,376,53.16748857,-0.866025404,26.69042248
2018-10-21 00:00:00,3487,6,2018,TRUE,24.3,0,12.6,328.2,1014.8,2.8,17.6,7,0.39,3828.571429,-269,51.96795683,-0.866025404,25.74168721
2018-10-22 00:00:00,3784,0,2018,FALSE,23.3,0,21.7,269.1,1013.8,3.1,18.9,8,0.42,3803,297,49.79333002,-0.866025404,24.62143025
2018-10-23 00:00:00,3795,1,2018,FALSE,23.8,0,7.8,281.2,1013.4,3.2,18.5,8,0.45,3761.857143,11,48.92983295,-0.866025404,25.57782698
2018-10-24 00:00:00,3835,2,2018,FALSE,24.5,0,11.2,60.1,1013.2,2.8,17.8,8,0.5,3732.285714,40,52.72342625,-0.866025404,26.15069153
2018-10-25 00:00:00,3869,3,2018,FALSE,24.1,0,7.6,68.3,1014.7,2.8,17.5,8,0.52,3700.857143,34,55.38789417,-0.866025404,25.70527949
2018-10-26 00:00:00,3768,4,2018,FALSE,23.3,0,5.8,22.9,1016.6,2.4,17,7,0.56,3756.285714,-101,59.22902413,-0.866025404,24.77708453
2018-10-27 00:00:00,3503,5,2018,TRUE,23.2,0,9.4,12.2,1016.9,2.1,17.3,7,0.59,3720.142857,-265,62.32723437,-0.866025404,24.43137764
2018-10-28 00:00:00,3363,6,2018,TRUE,23.5,0,9.7,289.3,1016.5,2.3,18,7,0.63,3702.428571,-140,57.4464302,-0.866025404,25.01163387
2018-10-29 00:00:00,3696,0,2018,FALSE,23.2,0,9.7,274.1,1015.8,2.1,17.8,7,0.66,3689.857143,333,62.32723437,-0.866025404,24.41571857
2018-10-30 00:00:00,3738,1,2018,FALSE,23.8,0,5.4,322.1,1015.4,1.8,17.2,7,0.7,3681.714286,42,61.66988363,-0.866025404,25.37959184
2018-10-31 00:00:00,3736,2,2018,FALSE,23.4,0,9.9,28.1,1015.9,1.8,17.2,7,0.75,3667.571429,-2,64.80554351,-0.866025404,24.64424293
2018-11-01 00:00:00,3720,3,2018,FALSE,23.8,0,12.4,102.8,1014.8,1.9,16.5,7,0.77,3646.285714,-16,64.05044544,-0.5,24.8979089
2018-11-02 00:00:00,3788,4,2018,FALSE,24,0,11.2,97.6,1013.3,2.1,15.9,7,0.81,3649.142857,68,64.45889103,-0.5,24.94558777
2018-11-03 00:00:00,3524,5,2018,TRUE,24.4,1,18.4,86.1,1011.9,2.2,11.4,5,0.84,3652.142857,-264,64.15868686,-0.5,25.33219323
2018-11-04 00:00:00,3280,6,2018,TRUE,23.4,0,14.8,39.1,1013.6,2.8,16.4,7,0.88,3640.285714,-244,58.4706637,-0.5,24.32046997
2018-11-05 00:00:00,3464,0,2018,FALSE,19.6,0,14.8,269.9,1014.5,1.6,16.4,7,0.91,3607.142857,184,68.74238405,-0.5,19.7631131
2018-11-06 00:00:00,3378,1,2018,FALSE,20.6,0,21,272.9,1014.8,2.8,17.2,7,0.95,3555.714286,-86,47.05005251,-0.5,20.8377586
2018-11-07 00:00:00,2824,2,2018,FALSE,19.4,0,17.1,263.6,1015.3,3,17.3,7,0,3425.428571,-554,44.81625048,-0.5,19.38442325
2018-11-08 00:00:00,2622,3,2018,FALSE,18.3,0,5.4,329.4,1015.5,1.5,16.9,7,0.02,3268.571429,-202,56.48729991,-0.5,19.10514008
2018-11-09 00:00:00,3143,4,2018,FALSE,19.6,0,8.2,236.7,1013.8,1.6,16.4,7,0.05,3176.428571,521,62.7555273,-0.5,20.38007708
2018-11-10 00:00:00,3071,5,2018,TRUE,20.2,0,7.6,78.1,1014.5,1.3,16.1,7,0.08,3111.714286,-72,65.37788812,-0.5,21.02529599
2018-11-11 00:00:00,2982,6,2018,TRUE,21,0,7.9,101.1,1014.8,1.9,15.9,7,0.12,3069.142857,-89,57.98801405,-0.5,22.28715357
2018-11-12 00:00:00,3308,0,2018,FALSE,21.6,0,5.4,50.6,1012.7,1.7,15.8,7,0.15,3046.857143,326,62.79610308,-0.5,22.98389208
2018-11-13 00:00:00,3374,1,2018,FALSE,21.9,1,10.9,76.3,1010.6,1.7,15,7,0.18,3046.285714,66,70.06369728,-0.5,22.67328512
2018-11-14 00:00:00,3302,2,2018,FALSE,22.3,1,14.2,108.6,1011.5,2.4,14.5,6,0.21,3114.571429,-72,72.87870996,-0.5,23.11442957
2018-11-15 00:00:00,3288,3,2018,FALSE,21.3,0,16.6,336.4,1014.9,2.4,15,6,0.25,3209.714286,-14,72.24032283,-0.5,21.77361501
2018-11-16 00:00:00,3387,4,2018,FALSE,19.7,0,22.3,269,1014.2,2.6,16.1,7,0.28,3244.571429,99,61.93630644,-0.5,19.5149669
2018-11-17 00:00:00,3313,5,2018,TRUE,19.2,0,16.2,280.2,1012.6,3,15.9,7,0.31,3279.142857,-74,61.82149024,-0.5,19.18619678
2018-11-18 00:00:00,3237,6,2018,TRUE,20,0,11.2,116.8,1013.6,2.5,15.4,7,0.34,3315.571429,-76,63.67301488,-0.5,20.60721427
2018-11-19 00:00:00,3411,0,2018,FALSE,21.6,0,13.1,108.5,1015.8,2.1,13.1,6,0.37,3330.285714,174,63.18122023,-0.5,22.31002653
2018-11-20 00:00:00,3314,1,2018,FALSE,20.8,0,8.5,310,1016.1,1.9,15.3,7,0.4,3321.714286,-97,70.7759756,-0.5,21.64924077
2018-11-21 00:00:00,3533,2,2018,FALSE,19.9,0,10,264.1,1016.5,1.9,15.4,7,0.44,3354.714286,219,63.23582215,-0.5,20.57768719
2018-11-22 00:00:00,3311,3,2018,FALSE,19.4,0,7.9,289.6,1017.2,2.7,15.1,7,0.47,3358,-222,57.16636877,-0.5,20.1750264
2018-11-23 00:00:00,3589,4,2018,FALSE,19.6,0,22.3,284.8,1018.8,2.6,15.4,7,0.5,3386.857143,278,53.8865937,-0.5,19.5149669
2018-11-24 00:00:00,3278,5,2018,TRUE,19.4,0,20.6,274.2,1017.1,3.3,15.4,7,0.54,3381.857143,-311,52.3837026,-0.5,19.20923937
2018-11-25 00:00:00,3366,6,2018,TRUE,19.2,0,9.5,283.1,1016.7,3,15.4,7,0.57,3400.285714,88,56.33554777,-0.5,19.66638153
2018-11-26 00:00:00,3392,0,2018,FALSE,18.5,0,11.5,345.9,1016.1,2.4,15.1,7,0.61,3397.571429,26,66.74706778,-0.5,18.6538784
2018-11-27 00:00:00,3340,1,2018,FALSE,19.8,0,7.1,130.8,1017.6,2.4,12.4,6,0.64,3401.285714,-52,63.62868157,-0.5,20.72642554
2018-11-28 00:00:00,3438,2,2018,FALSE,20.5,0,5.4,100,1018.5,2.2,12.7,6,0.68,3387.714286,98,68.45688038,-0.5,21.50083984
2018-11-29 00:00:00,3444,3,2018,FALSE,19.5,0,10,267.9,1018.8,1.9,14.6,6,0.71,3406.714286,6,70.5309254,-0.5,19.98037875
2018-11-30 00:00:00,3572,4,2018,FALSE,18.5,0,10,273,1018.4,2,14.7,6,0.75,3404.285714,128,69.88219751,-0.5,18.78576188
2018-12-01 00:00:00,3354,5,2018,TRUE,18.1,0,14.8,268.6,1015.6,2.7,14.9,7,0.79,3415.142857,-218,63.22643956,-2.44929E-16,17.91553599
2018-12-02 00:00:00,3336,6,2018,TRUE,17.8,0,10.5,245.7,1014.8,2.6,14.6,6,0.82,3410.857143,-18,59.49935001,-2.44929E-16,18.02059171
2018-12-03 00:00:00,3501,0,2018,FALSE,17.6,0,9.7,288.3,1015.6,2.1,14.5,6,0.86,3426.428571,165,60.63427742,-2.44929E-16,17.74146724
2018-12-04 00:00:00,3540,1,2018,FALSE,16.9,0,6.4,285.9,1017.5,2,13.7,6,0.89,3455,39,65.96967468,-2.44929E-16,17.33948824
2018-12-05 00:00:00,3577,2,2018,FALSE,16.9,0,8.5,300.1,1015.1,1.9,14.2,6,0.93,3474.857143,37,69.1109005,-2.44929E-16,17.04760665
2018-12-06 00:00:00,3520,3,2018,FALSE,16.7,0,8.5,293.5,1014.3,1.9,13.9,6,0.96,3485.714286,-57,70.92656481,-2.44929E-16,16.81162541
2018-12-07 00:00:00,3678,4,2018,FALSE,16.2,0,14.8,269,1015.2,1.8,14.3,6,0,3500.857143,158,70.36243094,-2.44929E-16,15.57527165
2018-12-08 00:00:00,3585,5,2018,TRUE,15.4,0,7.9,275.4,1016.2,1.9,14.3,6,0.03,3533.857143,-93,72.10868695,-2.44929E-16,15.36407008
2018-12-09 00:00:00,3530,6,2018,TRUE,16.1,0,7.9,3.9,1014.9,2,14.2,6,0.06,3561.571429,-55,66.6857635,-2.44929E-16,16.18545287
2018-12-10 00:00:00,3573,0,2018,FALSE,16.3,0,7.9,108.1,1014.4,1.7,13.8,6,0.1,3571.857143,43,72.27385114,-2.44929E-16,16.42013366
2018-12-11 00:00:00,3641,1,2018,FALSE,15.9,1,9.4,90.2,1015.6,1.4,13.8,6,0.13,3586.285714,68,77.64934263,-2.44929E-16,15.75188957
2018-12-12 00:00:00,3692,2,2018,FALSE,16.7,1,11.2,105.1,1016.8,1.7,11.5,6,0.16,3602.714286,51,80.87828293,-2.44929E-16,16.50986151
2018-12-13 00:00:00,3640,3,2018,FALSE,15.5,0,11.2,318.3,1020.1,2.4,12.7,6,0.19,3619.857143,-52,78.61918927,-2.44929E-16,15.06373701
2018-12-14 00:00:00,3827,4,2018,FALSE,14.6,0,14.4,275.3,1022.2,2,14.1,6,0.23,3641.142857,187,77.98130991,-2.44929E-16,13.76499962
2018-12-15 00:00:00,3747,5,2018,TRUE,14.2,0,11.8,269.7,1021.9,2.1,14.1,6,0.25,3664.285714,-80,76.39260821,-2.44929E-16,13.66826614
2018-12-16 00:00:00,3738,6,2018,TRUE,14.2,0,9.4,266,1022.2,2,14.4,6,0.29,3694,-9,69.54179116,-2.44929E-16,13.96843311
2018-12-17 00:00:00,3776,0,2018,FALSE,13.5,0,11.2,287.8,1020.7,1.9,12.3,6,0.32,3723,38,69.85515052,-2.44929E-16,12.77403988
2018-12-18 00:00:00,3820,1,2018,FALSE,13.2,0,15.9,274.1,1019,2.1,14.4,6,0.36,3748.571429,44,68.85196605,-2.44929E-16,11.89504383
2018-12-19 00:00:00,3736,2,2018,FALSE,13.6,0,11.5,263.4,1018.1,2,14.4,6,0.39,3754.857143,-84,67.98149714,-2.44929E-16,12.73674999
2018-12-20 00:00:00,3846,3,2018,FALSE,13,0,13,307,1018.5,1.7,14.5,7,0.42,3784.285714,110,65.57091542,-2.44929E-16,11.83020297
2018-12-21 00:00:00,4114,4,2018,FALSE,12.3,0,13,276,1017.4,1.6,14.4,6,0.45,3825.285714,268,69.1212466,-2.44929E-16,10.97677177
2018-12-22 00:00:00,3884,5,2018,TRUE,12.8,0,5.4,212,1017.6,1.1,14.4,6,0.5,3844.857143,-230,66.00093908,-2.44929E-16,12.94476926
2018-12-23 00:00:00,3958,6,2018,TRUE,13.1,0,11.2,119.6,1018.3,1.2,14.4,6,0.52,3876.285714,74,70.75114403,-2.44929E-16,12.41250875
2018-12-24 00:00:00,4023,0,2018,FALSE,13,0,11.2,320.2,1017.6,1.1,14.4,6,0.55,3911.571429,65,71.66152263,-2.44929E-16,12.05097763
2018-12-25 00:00:00,3994,1,2018,FALSE,11.1,0,23.6,266.5,1017.1,1,14.5,6,0.59,3936.428571,-29,81.26287453,-2.44929E-16,8.9737391
2018-12-26 00:00:00,3928,2,2018,FALSE,11.5,0,13,270.7,1015.5,1.5,14.5,6,0.62,3963.857143,-66,67.58523071,-2.44929E-16,10.24525931
2018-12-27 00:00:00,4122,3,2018,FALSE,12.3,0,13,276.4,1016.7,1.6,14.2,6,0.66,4003.285714,194,64.09675908,-2.44929E-16,11.09869051
2018-12-28 00:00:00,4417,4,2018,FALSE,10.3,0,20.4,273.9,1017.3,1.1,14.5,6,0.69,4046.571429,295,73.76290852,-2.44929E-16,8.475668352
2018-12-29 00:00:00,4182,5,2018,TRUE,11.2,0,23.9,275.6,1019.3,1.5,14.5,6,0.75,4089.142857,-235,66.15306912,-2.44929E-16,8.950890935
2018-12-30 00:00:00,4177,6,2018,TRUE,12.1,0,10.1,278.4,1021.3,1.6,14.3,6,0.76,4120.428571,-5,65.39520361,-2.44929E-16,11.24463048
2018-12-31 00:00:00,4363,0,2018,FALSE,12.5,0,21.2,283,1021.2,1.3,14.4,6,0.8,4169,186,64.58631741,-2.44929E-16,10.56049178
2019-01-01 00:00:00,4472,1,2019,FALSE,13,0,9.4,272.2,1020,1.7,13.8,6,0.83,4237.285714,109,65.61465637,0.5,12.54166795
2019-01-02 00:00:00,4228,2,2019,FALSE,14.9,0,11.2,144.6,1020,1.5,14.2,6,0.87,4280.142857,-244,67.3345844,0.5,14.34067476
2019-01-03 00:00:00,4331,3,2019,FALSE,12.4,0,21.1,274.5,1021.4,0.8,14.4,6,0.9,4310,103,81.40867867,0.5,10.56834918
2019-01-04 00:00:00,4461,4,2019,FALSE,11.3,0,21.5,274.4,1020.3,0.8,11.6,6,0.94,4316.285714,130,85.81589852,0.5,9.648602885
2019-01-05 00:00:00,4170,5,2019,TRUE,12.8,0,21.6,113,1018.6,1,14.3,6,0.97,4314.571429,-291,76.21444612,0.5,11.41820911
2019-01-06 00:00:00,3956,6,2019,TRUE,14.2,1,22.3,26.8,1017.9,1.5,10.9,5,0,4283,-214,80.54155004,0.5,12.51299205
2019-01-07 00:00:00,4301,0,2019,FALSE,12.8,0,11.2,277,1019.7,1.1,14.4,6,0.04,4274.142857,345,85.34839353,0.5,11.93046725
2019-01-08 00:00:00,4232,1,2019,FALSE,12.7,0,15,281.8,1018.1,0.7,13.6,6,0.07,4239.857143,-69,82.5336898,0.5,11.36660158
2019-01-09 00:00:00,4332,2,2019,FALSE,12.9,0,24.3,281.8,1017.3,2.1,15,7,0.11,4254.714286,100,70.27206519,0.5,11.22858302
2019-01-10 00:00:00,4250,3,2019,FALSE,12.9,0,11.2,270.1,1016.9,1.8,15.2,7,0.14,4243.142857,-82,68.34321362,0.5,12.171488
2019-01-11 00:00:00,4416,4,2019,FALSE,14,0,9.4,51.5,1018.3,1.6,14.6,6,0.17,4236.714286,166,67.60356363,0.5,13.49284473
2019-01-12 00:00:00,4282,5,2019,TRUE,14.8,0,11.2,133.2,1017.4,1.3,13.7,6,0.2,4252.714286,-134,68.22838402,0.5,14.22016438
2019-01-13 00:00:00,4055,6,2019,TRUE,15.8,0,14.8,308.4,1019.3,1.2,14,6,0.24,4266.857143,-227,72.18226139,0.5,15.08258442
2019-01-14 00:00:00,4261,0,2019,FALSE,13,0,24.6,273.3,1019.4,2.4,15.9,7,0.25,4261.142857,206,60.85122872,0.5,11.20862234
2019-01-15 00:00:00,4280,1,2019,FALSE,10.4,0,18.4,270.7,1018.4,2.2,15.1,7,0.3,4268,19,68.42224064,0.5,9.038642221
2019-01-16 00:00:00,4304,2,2019,FALSE,12.6,0,9.4,105.9,1018.2,1.3,13.3,6,0.34,4264,24,70.13480189,0.5,11.82828537
2019-01-17 00:00:00,4154,3,2019,FALSE,13.4,0,14.8,289.6,1017,1,15.6,7,0.37,4250.285714,-150,70.77043262,0.5,12.12646104
2019-01-18 00:00:00,4368,4,2019,FALSE,12.3,0,22.8,267.5,1017.2,1,15.6,7,0.4,4243.428571,214,74.56825504,0.5,10.43882506
2019-01-19 00:00:00,4088,5,2019,TRUE,15.1,0,9.4,257.1,1017.1,1.5,15.2,7,0.44,4215.714286,-280,66.02649843,0.5,14.80071279
2019-01-20 00:00:00,4100,6,2019,TRUE,18.1,0,9.4,207.2,1015.9,2,14.2,6,0.47,4222.142857,12,58.41263653,0.5,18.60541989
2019-01-21 00:00:00,4019,0,2019,FALSE,16.8,1,26.5,103.3,1013.1,1.8,10.6,6,0.5,4187.571429,-81,77.27912736,0.5,15.60639415
2019-01-22 00:00:00,3883,1,2019,FALSE,15.2,1,22.3,105.3,1013.8,1.8,10.7,6,0.54,4130.857143,-136,94.9759694,0.5,13.78607838
2019-01-23 00:00:00,4202,2,2019,FALSE,12.9,0,11.2,278.5,1017.5,1,11.4,5,0.57,4116.285714,319,92.42437827,0.5,12.05097763
2019-01-24 00:00:00,4094,3,2019,FALSE,14.7,1,20.5,356.7,1019.6,1.4,14.1,6,0.6,4107.714286,-108,86.10130545,0.5,13.27134056
2019-01-25 00:00:00,4286,4,2019,FALSE,13.8,1,13,313.4,1019.7,1.8,14.1,7,0.64,4096,192,82.11015153,0.5,12.80555293
2019-01-26 00:00:00,3582,5,2019,TRUE,12.3,0,14.8,289.6,1022.2,2,16.5,7,0.67,4023.714286,-704,66.82785941,0.5,11.01791478
2019-01-27 00:00:00,4053,6,2019,TRUE,10.8,0,31.8,295,1022.6,1.8,14.8,6,0.71,4017,471,75.86901123,0.5,8.028458303
2019-01-28 00:00:00,4210,0,2019,FALSE,11.5,0,24.6,274.8,1022.1,2.6,16.9,7,0.75,4044.285714,157,69.99666578,0.5,9.411861423
2019-01-29 00:00:00,4266,1,2019,FALSE,11.7,0,16.6,279.2,1020.5,2.5,17.2,7,0.77,4099,56,66.76377311,0.5,10.46206298
2019-01-30 00:00:00,4223,2,2019,FALSE,13,0,13.6,260.6,1019.1,1.7,15.5,7,0.81,4102,-43,66.95553198,0.5,11.88467054
2019-01-31 00:00:00,4223,3,2019,FALSE,14.6,0,16.1,104.5,1017.7,2.1,15.5,7,0.84,4120.428571,0,71.47920743,0.5,13.48803468
2019-02-01 00:00:00,4349,4,2019,FALSE,15.4,0,15.4,280.4,1018.4,1.7,13.5,6,0.88,4129.428571,126,80.17470747,0.866025404,14.53822196
2019-02-02 00:00:00,4155,5,2019,TRUE,11.5,0,21,271.2,1018.7,0.8,16.9,7,0.91,4211.285714,-194,94.85616655,0.866025404,9.942810721
2019-02-03 00:00:00,4386,6,2019,TRUE,13.1,0,15.6,278.5,1019.8,1,17,7,0.95,4258.857143,231,90.62536677,0.866025404,11.80023737
2019-02-04 00:00:00,4212,0,2019,FALSE,14,0,11.2,266.3,1020.2,1.6,17,7,0.98,4259.142857,-174,78.93591807,0.866025404,13.37659176
2019-02-05 00:00:00,4138,1,2019,FALSE,16.8,0,10,104,1017.5,1.7,14,6,0,4240.857143,-74,75.27930752,0.866025404,16.75491321
2019-02-06 00:00:00,4132,2,2019,FALSE,18.6,1,21.8,115.2,1012.4,1.7,13.8,7,0.05,4227.857143,-6,83.76923143,0.866025404,18.13834958
2019-02-07 00:00:00,4096,3,2019,FALSE,16.4,1,33.2,114.4,1010.3,2,7.4,4,0.08,4209.714286,-36,93.21117821,0.866025404,14.78789947
2019-02-08 00:00:00,4318,4,2019,FALSE,13.9,0,17.7,283,1016.4,2.4,15.4,7,0.11,4205.285714,222,76.31185985,0.866025404,12.48044605
2019-02-09 00:00:00,4022,5,2019,TRUE,13.1,0,18,280.1,1018.9,2.6,18.4,8,0.15,4186.285714,-296,73.73970782,0.866025404,12.08012195
2019-02-10 00:00:00,4023,6,2019,TRUE,13.7,0,22.4,275,1020.2,1.9,15.2,7,0.18,4134.428571,1,74.75723046,0.866025404,11.8694607
2019-02-11 00:00:00,4033,0,2019,FALSE,15.2,0,11.2,291.1,1020.5,2,15.3,7,0.22,4108.857143,10,71.591812,0.866025404,14.70220588
2019-02-12 00:00:00,4086,1,2019,FALSE,16.7,0,7.6,10.2,1020.5,1.4,15.8,7,0.25,4101.428571,53,77.26366877,0.866025404,16.93031043
2019-02-13 00:00:00,4007,2,2019,FALSE,18.3,0,11.6,100.6,1019.6,1.8,17,8,0.25,4083.571429,-79,71.22769794,0.866025404,18.40393305
2019-02-14 00:00:00,3959,3,2019,FALSE,17.4,1,18.4,107.9,1015.2,1.5,9,4,0.32,4064,-48,85.8150286,0.866025404,16.8094127
2019-02-15 00:00:00,4105,4,2019,FALSE,16.7,1,15.6,277.8,1015.5,1.7,11.7,5,0.35,4033.571429,146,85.19082969,0.866025404,16.12931613
2019-02-16 00:00:00,3905,5,2019,TRUE,15.3,0,16.6,282,1017.3,1.2,11.1,5,0.39,4016.857143,-200,90.77034442,0.866025404,14.31544884
2019-02-17 00:00:00,4071,6,2019,TRUE,15.5,0,20.3,268.6,1014.2,1.4,18.3,7,0.42,4023.714286,166,81.24997784,0.866025404,14.29611394
2019-02-18 00:00:00,3839,0,2019,FALSE,18.1,1,21.3,131.9,1009.4,2.1,13.6,7,0.45,3996,-232,69.80462114,0.866025404,17.52842946
2019-02-19 00:00:00,3909,1,2019,FALSE,18.4,0,12,109.4,1012.5,2,17.5,7,0.5,3970.714286,70,77.52445171,0.866025404,18.49197043
2019-02-20 00:00:00,3955,2,2019,FALSE,18.1,1,11.4,84.4,1017.4,2,7.5,3,0.52,3963.285714,46,86.99095319,0.866025404,18.1795029
2019-02-21 00:00:00,3881,3,2019,FALSE,21.1,0,15.4,103.2,1016.1,3.2,17.3,7,0.55,3952.142857,-74,69.91091867,0.866025404,21.45764064
2019-02-22 00:00:00,3907,4,2019,FALSE,18.7,0,24.5,289.2,1016.8,2.3,18.5,8,0.59,3923.857143,26,77.57003152,0.866025404,18.14328788
2019-02-23 00:00:00,3657,5,2019,TRUE,16.3,0,29.4,284.7,1015.3,3.2,20.1,8,0.62,3888.428571,-250,64.5523169,0.866025404,14.95209308
2019-02-24 00:00:00,3747,6,2019,TRUE,17.1,0,16.6,270.6,1012,2.8,20.1,8,0.65,3842.142857,90,61.74713586,0.866025404,16.55289869
2019-02-25 00:00:00,3688,0,2019,FALSE,17.2,1,22.3,71.5,1011.1,2.7,16.8,8,0.69,3820.571429,-59,61.77034915,0.866025404,16.33225106
2019-02-26 00:00:00,3760,1,2019,FALSE,15.7,1,24.1,86.1,1011.3,3,16.7,7,0.75,3799.285714,72,66.1551757,0.866025404,14.3169563
2019-02-27 00:00:00,3957,2,2019,FALSE,15,0,14.8,340.8,1011.5,3.2,17.2,7,0.75,3799.571429,197,70.12977151,0.866025404,14.09720996
2019-02-28 00:00:00,3911,3,2019,FALSE,15,0,23.5,297.3,1015.3,2.8,20.3,8,0.79,3803.857143,-46,66.90262535,0.866025404,13.45641714
2019-03-01 00:00:00,4016,4,2019,FALSE,16.2,0,16.6,286.3,1015.8,2.9,20.8,8,0.82,3819.428571,105,58.31527577,1,15.55847654
2019-03-02 00:00:00,3744,5,2019,TRUE,15.6,1,18.4,73.1,1015.9,2,9.3,4,0.85,3831.857143,-272,80.7311582,1,14.55338256
2019-03-03 00:00:00,3844,6,2019,TRUE,16.6,1,18.4,118.5,1012.6,2.3,13.8,6,0.89,3845.714286,100,84.08286746,1,15.80673264
2019-03-04 00:00:00,3986,0,2019,FALSE,18.2,0,15.4,287.4,1009.8,1.9,18.3,7,0.92,3888.285714,142,79.01185278,1,17.9979313
2019-03-05 00:00:00,3735,1,2019,FALSE,17.7,0,18,280.8,1010.8,2.5,19.6,8,0.95,3884.714286,-251,69.72677025,1,17.20976315
2019-03-06 00:00:00,3835,2,2019,FALSE,17.7,0,16.2,281.2,1011.9,2.9,21.7,9,0,3867.285714,100,62.30039742,1,17.32528654
2019-03-07 00:00:00,3661,3,2019,FALSE,18.7,0,15.9,276.5,1012.3,2.8,21.6,9,0.02,3831.571429,-174,57.34987196,1,18.58433706
2019-03-08 00:00:00,3839,4,2019,FALSE,19.8,0,14.4,1.9,1013.8,3,20.6,9,0.06,3806.285714,178,60.34963435,1,20.03314866
2019-03-09 00:00:00,3498,5,2019,TRUE,20.1,0,14.8,304.5,1013.9,3.5,20.3,9,0.09,3771.142857,-341,58.07755936,1,20.37897213
2019-03-10 00:00:00,3498,6,2019,TRUE,19.6,0,16.6,282.5,1014.2,3.6,22.6,9,0.13,3721.714286,0,53.14431903,1,19.66046793
2019-03-11 00:00:00,3564,0,2019,FALSE,21.4,1,23.8,131,1013.4,3.4,17.9,8,0.16,3661.428571,66,57.63375163,1,21.62957538
2019-03-12 00:00:00,3479,1,2019,FALSE,21.1,0,14.8,334.6,1015.6,3.2,20.2,8,0.19,3624.857143,-85,58.32052662,1,21.61069021
2019-03-13 00:00:00,3584,2,2019,FALSE,20.1,0,11.2,339.8,1015.9,3.3,13.4,5,0.23,3589,105,60.42020359,1,20.60721427
2019-03-14 00:00:00,3630,3,2019,FALSE,18,1,18.4,324.5,1016.8,2.7,16.8,7,0.25,3584.571429,46,71.63905083,1,17.56142275
2019-03-15 00:00:00,3776,4,2019,FALSE,18.6,0,13,291.6,1018.2,2.5,22.9,9,0.3,3575.571429,146,68.54306714,1,18.65765263
2019-03-16 00:00:00,3461,5,2019,TRUE,19.6,0,14.8,283.6,1016.6,3.1,22.2,9,0.33,3570.285714,-315,63.14629661,1,19.7631131
2019-03-17 00:00:00,3418,6,2019,TRUE,21.1,0,14.8,279.2,1014.6,3.2,23.1,9,0.37,3558.857143,-43,57.18359607,1,21.61069021
2019-03-18 00:00:00,3550,0,2019,FALSE,21.1,0,16.6,284.7,1014.1,2.9,22.9,9,0.4,3556.857143,132,59.08949519,1,21.52500947
2019-03-19 00:00:00,3507,1,2019,FALSE,22.6,0,11.2,264.9,1010.5,2.7,22.4,9,0.44,3560.857143,-43,55.73375106,1,23.74048402
2019-03-20 00:00:00,3527,2,2019,FALSE,25.6,0,16.1,145,1008.7,2.9,20.7,8,0.47,3552.714286,20,49.3560609,1,27.25196557
2019-03-21 00:00:00,2356,3,2019,FALSE,24.7,0,16.6,341.1,1012.1,3.1,21.5,9,0.5,3370.714286,-1171,47.93240199,1,26.49712026
2019-03-22 00:00:00,3095,4,2019,FALSE,23.2,0,24.3,291.1,1014.4,3.8,24.3,9,0.54,3273.428571,739,42.9969266,1,24.30602824
2019-03-23 00:00:00,3142,5,2019,TRUE,23,0,22.3,281,1013.6,3.6,24.2,9,0.57,3227.857143,47,47.73320317,1,23.97076909
2019-03-24 00:00:00,3152,6,2019,TRUE,23.8,0,15.1,292.3,1012,3.5,22.6,9,0.6,3189.857143,10,49.54785434,1,25.1734964
2019-03-25 00:00:00,3361,0,2019,FALSE,22.9,0,14.8,291.8,1012.3,3.4,19.4,9,0.64,3162.857143,209,58.39871797,1,23.95095454
2019-03-26 00:00:00,3402,1,2019,FALSE,23.1,0,22.4,280.8,1013.5,3.3,24.2,9,0.67,3147.857143,41,56.22183331,1,23.96821387
2019-03-27 00:00:00,3516,2,2019,FALSE,24.3,0,18,281.7,1014.3,3.5,22.8,9,0.7,3146.285714,114,48.7442991,1,25.84257396
2019-03-28 00:00:00,3512,3,2019,FALSE,26.4,0,9.7,271.9,1012,3.2,23.9,9,0.75,3311.428571,-4,51.46039009,1,28.11039341
2019-03-29 00:00:00,3749,4,2019,FALSE,28.7,0,13.5,280.1,1008.9,3.5,22.9,9,0.77,3404.857143,237,49.17506433,1,30.8492522
2019-03-30 00:00:00,3646,5,2019,TRUE,30.5,1,18,29.5,1007.8,3.2,21.8,9,0.8,3476.857143,-103,45.69750534,1,32.84891316
2019-03-31 00:00:00,3330,6,2019,TRUE,27.7,0,23.2,286.1,1008.9,3.7,25.3,9,0.83,3502.285714,-316,38.45386544,1,30.58967633
2019-04-01 00:00:00,3565,0,2019,FALSE,25.9,0,21.1,277.7,1009.1,3.7,25.7,10,0.87,3531.428571,235,38.45617058,0.866025404,28.31118091
2019-04-02 00:00:00,3662,1,2019,FALSE,26.5,0,14.2,284.6,1009.7,3.9,25.6,10,0.9,3568.571429,97,38.59641918,0.866025404,29.00734531
2019-04-03 00:00:00,3762,2,2019,FALSE,27.5,0,15.4,273.5,1008.7,3.7,25.3,9,0.93,3603.714286,100,39.33205997,0.866025404,29.98335293
2019-04-04 00:00:00,4086,3,2019,FALSE,29.8,0,14.1,250.1,1009.3,3.6,24.9,9,0.96,3685.714286,324,40.89967494,0.866025404,32.32134035
2019-04-05 00:00:00,4255,4,2019,FALSE,30.8,0,23,270.5,1008.2,3.4,23.6,9,0,3758,169,39.87975683,0.866025404,33.6530865
2019-04-06 00:00:00,3949,5,2019,TRUE,32,0,11.4,325,1006.9,3.6,23,9,0.03,3801.285714,-306,36.27777397,0.866025404,34.83277462
2019-04-07 00:00:00,3951,6,2019,TRUE,32.3,1,32.5,109,1006.1,2.5,20.1,9,0.07,3890,2,54.39920893,0.866025404,32.68134843
2019-04-08 00:00:00,4229,0,2019,FALSE,28.4,0,17.2,61.1,1007.2,2.8,24,9,0.1,3984.857143,278,50.92200555,0.866025404,30.09950717
2019-04-09 00:00:00,4267,1,2019,FALSE,29.9,0,11.2,60.7,1006.8,3.5,25.1,9,0.14,4071.285714,38,46.41150115,0.866025404,32.05569991
2019-04-10 00:00:00,4404,2,2019,FALSE,31.4,0,15.5,299.5,1008,3.5,24.3,9,0.17,4163,137,40.78967862,0.866025404,34.18609827
2019-04-11 00:00:00,4661,3,2019,FALSE,31.9,0,15.3,314.6,1007.8,4,24.4,9,0.21,4245.142857,257,35.84162126,0.866025404,35.04722919
2019-04-12 00:00:00,4582,4,2019,FALSE,30.9,1,17.8,345.7,1008.4,3.8,24.1,9,0.24,4291.857143,-79,40.85784721,0.866025404,33.34720212
2019-04-13 00:00:00,4179,5,2019,TRUE,31.1,0,25.4,326.7,1008.9,3.9,23.9,9,0.25,4324.714286,-403,37.26695159,0.866025404,34.19007063
2019-04-14 00:00:00,4179,6,2019,TRUE,31.5,0,18.4,307.6,1008.8,4.1,25.3,10,0.32,4357.285714,0,35.50112189,0.866025404,34.60698381
2019-04-15 00:00:00,4798,0,2019,FALSE,33,0,18,299.2,1006.7,3.9,24.9,10,0.35,4438.571429,619,32.22569915,0.866025404,36.60230916
2019-04-16 00:00:00,4515,1,2019,FALSE,26.2,1,27.7,153.6,1010.2,2.8,13.9,6,0.39,4474,-283,57.95263596,0.866025404,27.21463676
2019-04-17 00:00:00,3708,2,2019,FALSE,23.2,1,25.4,151.8,1011,2.7,16.5,8,0.42,4374.571429,-807,65.15543766,0.866025404,23.76700225
2019-04-18 00:00:00,3710,3,2019,FALSE,24.7,0,11.5,339.1,1012,3.7,23.6,9,0.46,4238.714286,2,56.93052061,0.866025404,26.02009948
2019-04-19 00:00:00,3707,4,2019,FALSE,26.2,0,14.4,255.6,1009.6,3.6,23.5,9,0.5,4113.714286,-3,50.12977591,0.866025404,27.89906119
2019-04-20 00:00:00,3728,5,2019,TRUE,27.7,0,9.4,260.7,1007,3.5,24.6,9,0.53,4049.285714,21,44.52628235,0.866025404,30.13843829
2019-04-21 00:00:00,3880,6,2019,TRUE,30.2,0,16.3,262.2,1005.2,3.4,25.1,9,0.56,4006.571429,152,37.52794751,0.866025404,33.08204475
2019-04-22 00:00:00,4588,0,2019,FALSE,32,0,16.4,268.8,1005.3,3.1,25.5,9,0.59,3976.571429,708,39.36819352,0.866025404,34.69746134
2019-04-23 00:00:00,4930,1,2019,FALSE,33.6,0,12.9,255.1,1006,3.5,26.6,10,0.62,4035.857143,342,37.52424697,0.866025404,36.21076054
2019-04-24 00:00:00,5263,2,2019,FALSE,36.6,0,18.3,141,1007,3.3,25.4,10,0.66,4258,333,36.4086526,0.866025404,38.7396115
2019-04-25 00:00:00,5552,3,2019,FALSE,37.4,0,16.6,80.5,1006.9,2.7,24.3,9,0.69,4521.142857,289,44.76259826,0.866025404,37.68436952
2019-04-26 00:00:00,5315,4,2019,FALSE,33.5,0,20.5,292.8,1006.7,3.1,26.5,10,0.72,4750.857143,-237,32.72685214,0.866025404,37.04151465
2019-04-27 00:00:00,4946,5,2019,TRUE,33.8,0,25.3,284.9,1005.9,3.6,27.6,10,0.75,4924.857143,-369,25.82009718,0.866025404,38.56269893
2019-04-28 00:00:00,5087,6,2019,TRUE,33,0,18.3,285.3,1004.8,3.1,28.1,10,0.78,5097.285714,141,22.71556569,0.866025404,38.11321181
2019-04-29 00:00:00,5386,0,2019,FALSE,33.4,0,15,279.8,1004.1,3.2,27.5,10,0.82,5211.285714,299,23.80069141,0.866025404,38.00005037
2019-04-30 00:00:00,5664,1,2019,FALSE,35,0,13.6,129.9,1001.2,3.1,26.5,10,0.85,5316.142857,278,25.19201538,0.866025404,39.1691201
2019-05-01 00:00:00,5472,2,2019,FALSE,34.3,0,11.2,53.3,1000.4,2.9,26.8,10,0.88,5346,-192,30.49984035,0.5,37.71968755
2019-05-02 00:00:00,5808,3,2019,FALSE,33.9,0,21,52.4,1002.5,2.9,23.6,9,0.91,5382.571429,336,37.20392959,0.5,36.04001147
2019-05-03 00:00:00,5377,4,2019,FALSE,31.5,1,47.7,76.8,1004.9,3.6,24.5,9,0.95,5391.428571,-431,43.5447281,0.5,33.55379339
2019-05-04 00:00:00,4836,5,2019,TRUE,31,0,21.6,288,1006.7,3.5,28.3,10,0.98,5375.714286,-541,32.02271176,0.5,34.78197347
2019-05-05 00:00:00,4994,6,2019,TRUE,31.2,0,18,268.9,1007,3.3,28.5,10,0,5362.428571,158,26.69493315,0.5,35.10095076
2019-05-06 00:00:00,5272,0,2019,FALSE,32.6,0,21,261.3,1004.3,3,28.6,10,0.05,5346.142857,278,27.19420121,0.5,36.67343867
2019-05-07 00:00:00,5511,1,2019,FALSE,33.3,0,21,258.6,1002.9,2.6,27.5,10,0.08,5324.285714,239,29.06791427,0.5,36.80012411
2019-05-08 00:00:00,5680,2,2019,FALSE,34.9,0,22.7,260.3,1003,2.8,27.9,10,0.12,5354,169,29.96801237,0.5,38.36745472
2019-05-09 00:00:00,5829,3,2019,FALSE,35.5,0,21.6,258.9,1002.2,2.9,28.2,10,0.16,5357,149,28.27247438,0.5,39.22616778
2019-05-10 00:00:00,5985,4,2019,FALSE,35.5,1,20.5,258.4,1003,3.1,26.9,9,0.19,5443.857143,156,31.43269053,0.5,38.6851969
2019-05-11 00:00:00,5522,5,2019,TRUE,34.3,0,15.6,281.5,1005.4,2.8,26.1,10,0.23,5541.857143,-463,38.97907077,0.5,36.29045436
2019-05-12 00:00:00,5450,6,2019,TRUE,34.1,0,19.7,275.1,1005.3,2.2,27,10,0.25,5607,-72,39.8941885,0.5,36.01359384
2019-05-13 00:00:00,5565,0,2019,FALSE,33.7,1,26.1,264.2,1003.8,2.2,26.1,9,0.3,5648.857143,115,44.67703351,0.5,34.84224038
2019-05-14 00:00:00,5242,1,2019,FALSE,31.3,0,14.2,292.5,1005,3.3,25.1,10,0.33,5610.428571,-323,50.79804664,0.5,32.56764857
2019-05-15 00:00:00,5172,2,2019,FALSE,31.2,1,17.7,44.1,1006.2,2.8,25.9,9,0.37,5537.857143,-70,57.31999966,0.5,31.59689499
2019-05-16 00:00:00,4971,3,2019,FALSE,31.9,0,33.2,287.5,1006.9,3.5,25.8,9,0.41,5415.285714,-201,52.18406567,0.5,33.21084808
2019-05-17 00:00:00,4933,4,2019,FALSE,29.9,1,16.6,300.1,1006.4,3,21.8,9,0.44,5265,-38,60.01779216,0.5,30.47480888
2019-05-18 00:00:00,4277,5,2019,TRUE,28.1,0,20.8,281.4,1006.9,3.2,23.9,8,0.48,5087.142857,-656,62.38670843,0.5,28.82059608
2019-05-19 00:00:00,4603,6,2019,TRUE,31.1,0,17.2,270.5,1006.9,3,26.8,10,0.5,4966.142857,326,40.76224066,0.5,34.08852697
2019-05-20 00:00:00,5237,0,2019,FALSE,32.8,0,18.5,270.8,1007.2,3.3,27,10,0.54,4919.285714,634,34.92552457,0.5,36.11326466
2019-05-21 00:00:00,5510,1,2019,FALSE,34.2,0,14.3,260.3,1005.7,3.2,26.1,10,0.58,4957.571429,273,33.68895041,0.5,37.35920033
2019-05-22 00:00:00,5575,2,2019,FALSE,34.1,0,14.1,247.2,1004.2,3.3,23,9,0.61,5015.142857,65,39.97626592,0.5,36.24775865
2019-05-23 00:00:00,5737,3,2019,FALSE,33.5,1,27.7,279.6,1003.2,2.8,23.7,8,0.64,5124.571429,162,45.34800998,0.5,35.3800043
2019-05-24 00:00:00,5094,4,2019,FALSE,31.1,0,24.1,339.9,1005.2,3.5,23.6,9,0.67,5147.571429,-643,58.80274758,0.5,31.86980075
2019-05-25 00:00:00,5107,5,2019,TRUE,32,0,23.9,290.4,1004.7,3.9,26,9,0.71,5266.142857,13,42.42806875,0.5,34.55790021
2019-05-26 00:00:00,5236,6,2019,TRUE,32.6,0,16.7,285.5,1003.1,3.9,28.5,10,0.75,5356.571429,129,31.75676954,0.5,36.31962292
2019-05-27 00:00:00,5599,0,2019,FALSE,34,0,19.9,286.9,1002.8,3.7,27.4,9,0.77,5408.285714,363,25.22718712,0.5,38.79266171
2019-05-28 00:00:00,5795,1,2019,FALSE,33.6,0,25,278.1,1002.5,3.9,28.9,10,0.8,5449,196,20.84825186,0.5,39.19774413
2019-05-29 00:00:00,6020,2,2019,FALSE,35.6,0,18.2,272.1,1000.8,4,27.3,9,0.83,5512.571429,225,24.7197947,0.5,40.23886356
2019-05-30 00:00:00,6240,3,2019,FALSE,36.8,0,16.8,272.7,999.4,3.5,28.2,10,0.87,5584.428571,220,23.14820158,0.5,41.67233898
2019-05-31 00:00:00,6461,4,2019,FALSE,36.9,0,14.8,269.8,999.6,3.4,28.2,10,0.9,5779.714286,221,23.73568836,0.5,41.44135118
2019-06-01 00:00:00,6462,5,2019,TRUE,40.3,0,14.8,62.7,999.7,3.6,27.1,10,0.93,5973.285714,1,32.92670727,1.22465E-16,41.56452299
2019-06-02 00:00:00,6560,6,2019,TRUE,42.6,0,20.5,88.4,999.7,3.2,26.3,9,0.96,6162.428571,98,44.11981396,1.22465E-16,41.21393882
2019-06-03 00:00:00,6612,0,2019,FALSE,40.4,0,20.5,106.8,1000.5,3,26.5,9,0,6307.142857,52,46.2224031,1.22465E-16,39.44381947
2019-06-04 00:00:00,6580,1,2019,FALSE,40,0,18.4,90.1,1000.9,3.2,26.2,9,0.03,6419.285714,-32,44.31389977,1.22465E-16,39.49504911
2019-06-05 00:00:00,6502,2,2019,FALSE,41,0,14.8,83.4,1000.4,3.5,25.4,9,0.07,6488.142857,-78,39.30798231,1.22465E-16,41.07183576
2019-06-06 00:00:00,6658,3,2019,FALSE,38.2,0,18.4,348.5,1000.7,3.6,25.4,9,0.1,6547.857143,156,32.55843481,1.22465E-16,40.99906921
2019-06-07 00:00:00,6475,4,2019,FALSE,37.3,0,16.6,78.7,1003.6,3.8,26.9,9,0.14,6549.857143,-183,45.01303182,1.22465E-16,37.56006675
2019-06-08 00:00:00,6387,5,2019,TRUE,39.9,0,14.4,293.5,1001.9,3.3,26.9,9,0.17,6539.142857,-88,35.15978248,1.22465E-16,41.04988369
2019-06-09 00:00:00,6442,6,2019,TRUE,38.2,0,18,6.2,999.3,3.2,28.1,10,0.21,6522.285714,55,29.73774546,1.22465E-16,41.60683716
2019-06-10 00:00:00,6686,0,2019,FALSE,39.3,0,15.4,286.9,996.7,3.5,27.3,10,0.25,6532.857143,244,22.68031209,1.22465E-16,43.69862923
2019-06-11 00:00:00,6792,1,2019,FALSE,38.8,0,24.6,279.8,996.7,2.6,25.2,10,0.28,6563.142857,106,24.11816856,1.22465E-16,43.80699889
2019-06-12 00:00:00,6904,2,2019,FALSE,38,0,19.2,95.9,999.2,2.7,23,9,0.32,6620.571429,112,37.52670658,1.22465E-16,39.65027741
2019-06-13 00:00:00,6804,3,2019,FALSE,39,0,16.6,230.4,999.8,3.4,25.5,9,0.35,6641.428571,-100,39.06432378,1.22465E-16,40.04612214
2019-06-14 00:00:00,6571,4,2019,FALSE,37.1,0,23.2,262.1,998.7,3.7,27.2,10,0.39,6655.142857,-233,27.26303791,1.22465E-16,41.31836033
2019-06-15 00:00:00,6560,5,2019,TRUE,37,0,22,264.6,998.1,3.4,26.1,9,0.43,6679.857143,-11,25.6347506,1.22465E-16,41.65478694
2019-06-16 00:00:00,6415,6,2019,TRUE,34.1,1,32.2,260.7,1000.6,3,23.4,9,0.46,6676,-145,52.1393893,1.22465E-16,34.64879249
2019-06-17 00:00:00,5920,0,2019,FALSE,32.1,1,26,256.9,1000.1,3.5,24,9,0.5,6566.571429,-495,51.86064335,1.22465E-16,33.16492461
2019-06-18 00:00:00,4991,1,2019,FALSE,28.6,1,23.3,311.1,1001.7,3.5,22.9,9,0.53,6309.285714,-929,59.53100352,1.22465E-16,29.82294636
2019-06-19 00:00:00,5266,2,2019,FALSE,33.2,0,14.8,113,1000.7,3.3,24.7,9,0.56,6075.285714,275,54.00154103,1.22465E-16,33.92787094
2019-06-20 00:00:00,5692,3,2019,FALSE,34.7,0,15.7,84.1,1001.7,3.8,25.9,9,0.59,5916.428571,426,50.42083351,1.22465E-16,35.30316893
2019-06-21 00:00:00,5950,4,2019,FALSE,38.8,0,14.1,288.6,1001.7,3.5,23.3,9,0.63,5827.714286,258,49.40508271,1.22465E-16,37.72016552
2019-06-22 00:00:00,6175,5,2019,TRUE,38.5,0,16.6,3.1,1000.9,3.8,25.3,9,0.66,5772.714286,225,43.37300259,1.22465E-16,38.80309444
2019-06-23 00:00:00,6131,6,2019,TRUE,40.8,0,18.4,93.4,1001.2,3.9,24.6,9,0.69,5732.142857,-44,51.99071709,1.22465E-16,38.49236905
2019-06-24 00:00:00,5957,0,2019,FALSE,37,0,17.7,78.1,1003.2,3.5,22.5,8,0.72,5737.428571,-174,66.40199177,1.22465E-16,33.97083309
2019-06-25 00:00:00,6443,1,2019,FALSE,39.9,0,13,79,1002.2,3.3,20.9,7,0.75,5944.857143,486,58.98771857,1.22465E-16,36.57970796
2019-06-26 00:00:00,6632,2,2019,FALSE,42,0,18.3,286.4,999.5,3.3,25.3,9,0.79,6140,189,47.4911346,1.22465E-16,39.99241089
2019-06-27 00:00:00,6540,3,2019,FALSE,39.1,0,15.4,280.5,997.6,3.1,24.8,9,0.82,6261.142857,-92,45.27842209,1.22465E-16,38.75618732
2019-06-28 00:00:00,6622,4,2019,FALSE,38.5,0,19,272.7,996.6,3.4,25.2,9,0.85,6357.142857,82,42.10924706,1.22465E-16,39.14026265
2019-06-29 00:00:00,6769,5,2019,TRUE,40.7,0,22,267.5,995.7,3.3,24.6,9,0.89,6442,147,35.73653148,1.22465E-16,42.03628969
2019-06-30 00:00:00,6683,6,2019,TRUE,41.6,0,21,295,996,3.2,24.5,9,0.92,6520.857143,-86,37.80892999,1.22465E-16,42.12091261
2019-07-01 00:00:00,7241,0,2019,FALSE,40.7,0,14.8,279.4,997.4,3.3,24.4,9,0.95,6704.285714,558,41.86135584,-0.5,40.20963311
2019-07-02 00:00:00,7409,1,2019,FALSE,41.7,0,14.8,12.9,998.5,2.8,23.7,9,0.98,6842.285714,168,48.23118278,-0.5,39.22425865
2019-07-03 00:00:00,7085,2,2019,FALSE,41.6,0,20.5,96.2,999.2,3.4,21.7,8,0,6907,-324,53.28355953,-0.5,38.6851969
2019-07-04 00:00:00,6885,3,2019,FALSE,38.4,1,18.4,134,998.2,2.9,18.4,7,0.05,6956.285714,-200,67.72419263,-0.5,34.73231882
2019-07-05 00:00:00,6132,4,2019,FALSE,36.5,1,24.1,133.7,996.5,2.3,17.4,7,0.09,6886.285714,-753,78.23460259,-0.5,32.38229255
2019-07-06 00:00:00,6009,5,2019,TRUE,38.8,0,11.3,109.8,995.1,2.8,20.9,8,0.12,6777.714286,-123,67.36070171,-0.5,34.8301165
2019-07-07 00:00:00,6266,6,2019,TRUE,39.1,0,18.4,248.8,995.9,3.1,23.8,9,0.16,6718.142857,257,67.74363856,-0.5,34.85765382
2019-07-08 00:00:00,6375,0,2019,FALSE,40.7,1,14.8,175.2,996.1,2.9,20.8,8,0.19,6594.428571,109,65.93406375,-0.5,35.89861985
2019-07-09 00:00:00,6180,1,2019,FALSE,38.3,1,15.1,196.6,996,2.8,17.8,7,0.25,6418.857143,-195,70.09349621,-0.5,34.05599612
2019-07-10 00:00:00,6616,2,2019,FALSE,41.4,0,17.3,231.6,995,2.7,19.5,7,0.26,6351.857143,436,61.57618855,-0.5,37.083148
2019-07-11 00:00:00,6851,3,2019,FALSE,42.3,0,22.7,245.5,995.4,2.7,20.2,8,0.3,6347,235,52.72068538,-0.5,39.13242018
2019-07-12 00:00:00,6789,4,2019,FALSE,41.9,0,19.9,243.6,997.8,2.6,22.2,8,0.34,6440.857143,-62,54.55410611,-0.5,38.54039716
2019-07-13 00:00:00,6657,5,2019,TRUE,41.6,0,23.3,251.5,998.4,2.9,22.6,8,0.37,6533.428571,-132,50.87551178,-0.5,39.27774649
2019-07-14 00:00:00,6494,6,2019,TRUE,40.8,0,18.4,254.3,997.4,2.8,18.7,8,0.41,6566,-163,55.70936633,-0.5,37.615024
2019-07-15 00:00:00,5974,0,2019,FALSE,32.6,1,29.4,69.2,997.4,2.8,18.2,8,0.44,6508.714286,-520,76.22817934,-0.5,30.97345359
2019-07-16 00:00:00,5036,1,2019,FALSE,33.3,1,14.8,70.7,1000.7,3.3,8.1,4,0.48,6345.285714,-938,77.62630156,-0.5,31.09491937
2019-07-17 00:00:00,4868,2,2019,FALSE,30.2,1,14.8,334.7,1001.8,2.9,9.8,5,0.5,6095.571429,-168,83.73234962,-0.5,29.49368587
2019-07-18 00:00:00,4701,3,2019,FALSE,29.3,1,11.2,205.9,1001.8,2.8,15,7,0.54,5788.428571,-167,85.69895679,-0.5,28.80191978
2019-07-19 00:00:00,5727,4,2019,FALSE,36.9,0,9.6,82.3,1001.5,3.2,21.3,9,0.58,5636.714286,1026,69.22506422,-0.5,33.70980129
2019-07-20 00:00:00,5509,5,2019,TRUE,36.9,1,26,84.3,1002.4,2.8,20.3,8,0.61,5472.714286,-218,78.74189216,-0.5,32.77813807
2019-07-21 00:00:00,5233,6,2019,TRUE,36,1,14.8,101.6,1001.9,2.8,16.6,8,0.64,5292.571429,-276,81.06459831,-0.5,32.32663744
2019-07-22 00:00:00,5827,0,2019,FALSE,39.5,1,19.1,71,1000.7,2.6,19.4,7,0.68,5271.571429,594,80.70185527,-0.5,33.4866319
2019-07-23 00:00:00,6486,1,2019,FALSE,43.8,0,16.7,86.1,999.3,2.9,18.8,8,0.71,5478.714286,659,69.2452477,-0.5,36.6927105
2019-07-24 00:00:00,6617,2,2019,FALSE,42.6,1,24.1,196.7,997.9,2.8,19.1,8,0.74,5728.571429,131,70.78297506,-0.5,36.09785817
2019-07-25 00:00:00,5633,3,2019,FALSE,33.4,1,14.6,199.2,1000,2.8,7.5,4,0.75,5861.714286,-984,83.32307332,-0.5,30.47955915
2019-07-26 00:00:00,5120,4,2019,FALSE,33.4,1,14.8,86.9,998.1,2.5,10.9,6,0.81,5775,-513,87.87673202,-0.5,30.23271672
2019-07-27 00:00:00,4665,5,2019,TRUE,33.4,1,16.6,80.5,997.9,2.3,9.7,5,0.84,5654.428571,-455,89.98017678,-0.5,30.22620334
2019-07-28 00:00:00,5101,6,2019,TRUE,36.3,1,16.6,88.2,999.7,3,15.3,8,0.87,5635.571429,436,83.92953264,-0.5,31.71783658
2019-07-29 00:00:00,5609,0,2019,FALSE,39.1,0,16.6,83.5,1001.2,3.5,20.3,8,0.91,5604.428571,508,76.56273387,-0.5,33.70668089
2019-07-30 00:00:00,5651,1,2019,FALSE,38.4,0,14.8,81.7,1001,3.7,17.1,6,0.94,5485.142857,42,75.63209908,-0.5,33.43518371
2019-07-31 00:00:00,5773,2,2019,FALSE,38.6,1,20.5,97.1,1000,3.2,9.7,5,0.97,5364.571429,122,76.09650387,-0.5,33.62771305
2019-08-01 00:00:00,5972,3,2019,FALSE,40.8,0,12.6,96.8,999.6,3.3,15.1,8,0,5413,199,72.3298199,-0.866025404,34.86323384
2019-08-02 00:00:00,5791,4,2019,FALSE,37.8,1,13.8,88.1,998.8,2.7,14.4,7,0.04,5508.857143,-181,79.6787141,-0.866025404,32.68648002
2019-08-03 00:00:00,5449,5,2019,TRUE,36.5,1,11.5,78.7,998.8,2.4,13.4,6,0.07,5620.857143,-342,84.91559008,-0.866025404,31.57495472
2019-08-04 00:00:00,5576,6,2019,TRUE,38.8,1,10.8,91.8,997.7,2.4,10,4,0.11,5688.714286,127,84.9972944,-0.866025404,32.53325802
2019-08-05 00:00:00,6055,0,2019,FALSE,40.8,1,11.2,137.5,996.1,2.2,17.6,8,0.14,5752.428571,479,81.67917391,-0.866025404,33.62233479
2019-08-06 00:00:00,5699,1,2019,FALSE,33.8,1,16.6,89,996.6,2.4,12.5,5,0.18,5759.285714,-356,94.30724566,-0.866025404,29.85329503
2019-08-07 00:00:00,5529,2,2019,FALSE,37.5,0,14.8,77.6,996.4,2.6,15.1,6,0.25,5724.428571,-170,81.08968974,-0.866025404,32.57298106
2019-08-08 00:00:00,6133,3,2019,FALSE,41.4,0,14.1,80.3,995.9,3.7,19.4,9,0.25,5747.428571,604,72.79199558,-0.866025404,35.14345351
2019-08-09 00:00:00,5874,4,2019,FALSE,38.6,1,21.2,80.8,998.1,3.9,17.1,7,0.28,5759.285714,-259,71.76386652,-0.866025404,34.01541878
2019-08-10 00:00:00,5449,5,2019,TRUE,37.5,0,22.3,91.1,998.9,3.3,16.5,7,0.32,5759.285714,-425,78.29124419,-0.866025404,32.88237345
2019-08-11 00:00:00,5795,6,2019,TRUE,39.8,0,11.3,148,1000.2,3.4,20.4,8,0.35,5790.571429,346,71.0405567,-0.866025404,34.70952306
2019-08-12 00:00:00,5713,0,2019,FALSE,39.7,1,11.2,244.8,1000.4,3.2,17.7,7,0.39,5741.714286,-82,80.6891206,-0.866025404,33.26080366
2019-08-13 00:00:00,5696,1,2019,FALSE,37.2,1,17.7,265.3,1000.8,3.1,16.1,7,0.42,5741.285714,-17,83.97288093,-0.866025404,32.22161554
2019-08-14 00:00:00,5522,2,2019,FALSE,37,1,10.1,214.5,1001.9,2.3,15.6,7,0.46,5740.285714,-174,86.95847417,-0.866025404,31.80774696
2019-08-15 00:00:00,5344,3,2019,FALSE,38.5,1,18.3,70.7,1001.5,3.1,15.9,6,0.5,5627.571429,-178,80.18994424,-0.866025404,33.10201427
2019-08-16 00:00:00,5117,4,2019,FALSE,35.3,1,20.5,80,999.8,3.1,15.1,7,0.53,5519.428571,-227,82.90903359,-0.866025404,31.35184532
2019-08-17 00:00:00,4921,5,2019,TRUE,29.9,1,16.6,104.1,999.2,2.6,5.8,3,0.56,5444,-196,93.15942175,-0.866025404,28.73457011
2019-08-18 00:00:00,4415,6,2019,TRUE,30.3,1,17.1,235.4,1002.9,2.6,9.2,5,0.59,5246.857143,-506,90.45923512,-0.866025404,29.22771109
2019-08-19 00:00:00,5205,0,2019,FALSE,35.1,1,14.8,275.2,1005,2.9,17.4,7,0.63,5174.285714,790,74.6120509,-0.866025404,32.44980925
2019-08-20 00:00:00,5449,1,2019,FALSE,37.2,0,16.6,287.4,1004.3,2.8,20.5,8,0.66,5139,244,73.84234388,-0.866025404,33.33377258
2019-08-21 00:00:00,5864,2,2019,FALSE,38,0,12.9,275.3,1002.8,2.9,22.9,8,0.69,5187.857143,415,70.93306376,-0.866025404,34.01755156
2019-08-22 00:00:00,5555,3,2019,FALSE,34.7,1,11.2,236.3,1003.3,2.8,20.8,8,0.73,5218,-309,74.10232654,-0.866025404,31.93518954
2019-08-23 00:00:00,5846,4,2019,FALSE,37.2,1,15.7,282.3,1003,2.9,19.9,7,0.75,5322.142857,291,69.22506422,-0.866025404,33.818158
2019-08-24 00:00:00,5700,5,2019,TRUE,37.9,1,13.3,89.8,1003.2,2.5,15.9,7,0.79,5433.428571,-146,76.48728553,-0.866025404,33.04783282
2019-08-25 00:00:00,4939,6,2019,TRUE,33,1,13,81.5,1003.8,2.4,12.4,7,0.83,5508.285714,-761,83.33433758,-0.866025404,30.60568952
2019-08-26 00:00:00,5686,0,2019,FALSE,36.4,0,13.3,79.5,1003.5,3.2,19.3,8,0.86,5577,747,73.82581219,-0.866025404,33.16997014
2019-08-27 00:00:00,6100,1,2019,FALSE,39.6,0,12.3,78.9,1002.4,3.4,20.9,8,0.89,5670,414,68.59315281,-0.866025404,34.97724716
2019-08-28 00:00:00,6376,2,2019,FALSE,40.9,0,11.8,91.6,1003.4,3.6,22,8,0.93,5743.142857,276,67.49755297,-0.866025404,35.69021301
2019-08-29 00:00:00,6473,3,2019,FALSE,40.7,0,14.8,110.7,1004.5,3.4,19.2,8,0.96,5874.285714,97,68.65017419,-0.866025404,35.40593262
2019-08-30 00:00:00,6470,4,2019,FALSE,40.1,0,9,144.6,1002,3.1,19.4,7,0,5963.428571,-3,70.2217142,-0.866025404,34.76273976
2019-08-31 00:00:00,6285,5,2019,TRUE,41,1,9.8,197.9,999.9,2.9,19.8,8,0.03,6047,-185,69.05810488,-0.866025404,35.26477167
2019-09-01 00:00:00,6095,6,2019,TRUE,36.8,1,19.1,88.2,1002.2,3,10.8,6,0.06,6212.142857,-190,78.24878268,-1,32.48092305
2019-09-02 00:00:00,6193,0,2019,FALSE,38.8,0,10.6,78.6,1002.3,3,19.7,7,0.1,6284.571429,98,71.39161049,-1,34.21094285
2019-09-03 00:00:00,6333,1,2019,FALSE,40.6,0,10.8,327,1001.1,2.4,17.5,7,0.13,6317.857143,140,71.90382758,-1,34.8165217
2019-09-04 00:00:00,6284,2,2019,FALSE,40.9,0,13,89.4,1000.8,2.2,14.2,7,0.16,6304.714286,-49,76.6378405,-1,34.26325183
2019-09-05 00:00:00,6172,3,2019,FALSE,39.1,0,18.4,105.7,1001.1,3,17.6,8,0.2,6261.714286,-112,75.67874847,-1,33.85497376
2019-09-06 00:00:00,6216,4,2019,FALSE,38.4,1,18.4,113.5,1000.3,3.2,19.1,7,0.25,6225.428571,44,74.75692045,-1,33.60430375
2019-09-07 00:00:00,5835,5,2019,TRUE,37.4,1,14.8,109.7,1000.9,2.9,14.2,6,0.27,6161.142857,-381,78.74189216,-1,32.69615286
2019-09-08 00:00:00,6051,6,2019,TRUE,38.2,1,13,45.5,1002.4,2.7,20.2,8,0.3,6154.857143,216,73.47141965,-1,33.77557686
2019-09-09 00:00:00,6241,0,2019,FALSE,39.8,0,14.8,318.7,1001,3,19.1,7,0.33,6161.714286,190,66.24655229,-1,35.40593262
2019-09-10 00:00:00,6391,1,2019,FALSE,39.6,0,11.2,316.7,1000.3,2.9,20.4,8,0.37,6170,150,63.59928467,-1,35.67101117
2019-09-11 00:00:00,6626,2,2019,FALSE,40.5,0,9.4,138.8,1001.3,2.7,19.9,8,0.4,6218.857143,235,62.9295833,-1,36.08329313
2019-09-12 00:00:00,6565,3,2019,FALSE,42,0,20.6,113,1002.9,2.7,15.4,6,0.43,6275,-61,71.97344764,-1,35.52608417
2019-09-13 00:00:00,6397,4,2019,FALSE,40.2,0,13,102.6,1003.8,3.1,18.7,8,0.47,6300.857143,-168,71.8863851,-1,34.75092681
2019-09-14 00:00:00,6173,5,2019,TRUE,38.3,0,14.1,84.8,1004.8,3.3,12.7,6,0.5,6349.142857,-224,70.93306376,-1,34.03914836
2019-09-15 00:00:00,5824,6,2019,TRUE,37.4,1,13,96.3,1004.8,2.7,14.3,7,0.54,6316.714286,-349,77.81471555,-1,32.67830816
2019-09-16 00:00:00,6179,0,2019,FALSE,38.5,0,9.4,325.6,1003.4,2.9,19,8,0.57,6307.857143,355,69.73262682,-1,34.29983668
2019-09-17 00:00:00,6091,1,2019,FALSE,37.5,1,14.1,152.8,1004.2,3,17,7,0.61,6265,-88,67.26247234,-1,34.2845495
2019-09-18 00:00:00,5838,2,2019,FALSE,35.3,1,18.4,95.4,1008.1,3.6,17.7,8,0.64,6152.428571,-253,68.26734565,-1,32.97762871
2019-09-19 00:00:00,5593,3,2019,FALSE,31.9,1,16.6,97.3,1010.4,3.2,15.8,7,0.67,6013.571429,-245,74.83405793,-1,30.72341442
2019-09-20 00:00:00,5401,4,2019,FALSE,33.6,0,13,108.6,1008.7,3.5,18.5,7,0.71,5871.285714,-192,70.66191166,-1,32.19063319
2019-09-21 00:00:00,5244,5,2019,TRUE,31.9,1,13.4,120.4,1007.7,2.9,17.1,7,0.74,5738.571429,-157,77.56787121,-1,30.60488795
2019-09-22 00:00:00,4633,6,2019,TRUE,27.9,1,15.8,92.8,1009.6,3.1,16.1,7,0.75,5568.428571,-611,85.13568946,-1,28.12419112
2019-09-23 00:00:00,4630,0,2019,FALSE,29.8,0,11.2,101.3,1010.8,3.1,16,7,0.81,5347.142857,-3,78.36224762,-1,29.40447166
2019-09-24 00:00:00,4798,1,2019,FALSE,31.1,0,12.9,113.9,1011,3.1,17.9,8,0.85,5162.428571,168,74.78561627,-1,30.36220326
2019-09-25 00:00:00,4990,2,2019,FALSE,30.9,0,11.8,82.7,1012.2,3.1,18,8,0.88,5041.285714,192,73.47524767,-1,30.60822527
2019-09-26 00:00:00,4872,3,2019,FALSE,32,0,16.6,78.3,1012.5,3.7,15.7,7,0.91,4938.285714,-118,74.41707142,-1,30.97201996
2019-09-27 00:00:00,4735,4,2019,FALSE,30.3,0,14.8,80.8,1011.3,3.6,11.4,5,0.95,4843.142857,-137,77.46509605,-1,29.74002949
2019-09-28 00:00:00,4366,5,2019,TRUE,29.8,0,18.4,79.2,1009.5,3.5,16.2,7,0,4717.714286,-369,77.43560908,-1,29.46824849
2019-09-29 00:00:00,3909,6,2019,TRUE,28.6,1,14.4,88.6,1010.2,3.3,5,2,0.02,4614.285714,-457,79.71242343,-1,28.63649049
2019-09-30 00:00:00,4319,0,2019,FALSE,28.6,1,14.8,107.8,1009.2,3.3,12.9,6,0.05,4569.857143,410,79.71242343,-1,28.63148322
2019-10-01 00:00:00,4459,1,2019,FALSE,29.8,1,11.2,104.8,1008.4,3.1,13.1,6,0.08,4521.428571,140,78.37647995,-0.866025404,29.52498203
2019-10-02 00:00:00,3852,2,2019,FALSE,29.8,0,7.7,79.6,1009.6,3.1,17.4,7,0.12,4358.857143,-607,71.64672861,-0.866025404,30.1504876
2019-10-03 00:00:00,4605,3,2019,FALSE,29.6,1,16.7,219.7,1009.8,2.9,19.2,8,0.15,4320.714286,753,69.47871453,-0.866025404,29.97713415
2019-10-04 00:00:00,4345,4,2019,FALSE,27.4,0,15,307.5,1010.9,3.3,18,8,0.18,4265,-260,75.83976391,-0.866025404,27.88920407
2019-10-05 00:00:00,4014,5,2019,TRUE,27.1,0,15.4,291,1010.7,3.7,19.8,8,0.25,4214.714286,-331,63.08082044,-0.866025404,28.37705931
2019-10-06 00:00:00,3726,6,2019,TRUE,27.5,0,11.3,293,1011.2,3.4,19.9,8,0.25,4188.571429,-288,64.73575734,-0.866025404,28.80044469
2019-10-07 00:00:00,4053,0,2019,FALSE,27.4,0,17.3,288,1012.5,3.2,19.1,7,0.28,4150.571429,327,65.13854957,-0.866025404,28.7272515
2019-10-08 00:00:00,3384,1,2019,FALSE,26.6,0,15.1,269.1,1011.9,3.9,19.6,8,0.31,3997,-669,59.57865733,-0.866025404,28.13432964
2019-10-09 00:00:00,4147,2,2019,FALSE,27.7,0,7.9,111,1011.7,3.3,15.3,7,0.35,4039.142857,763,60.49294021,-0.866025404,29.09289665
2019-10-10 00:00:00,4193,3,2019,FALSE,27.5,0,11.2,20.3,1011.2,3,17,7,0.38,3980.285714,46,57.55876023,-0.866025404,29.16345091
2019-10-11 00:00:00,4213,4,2019,FALSE,27.2,0,9.3,282.8,1010.7,2.9,18.4,8,0.41,3961.428571,20,58.95070296,-0.866025404,28.83229331
2019-10-12 00:00:00,4025,5,2019,TRUE,28.1,0,9.4,325.8,1011.7,3.1,18.8,8,0.45,3963,-188,61.32064586,-0.866025404,29.4250557
2019-10-13 00:00:00,3800,6,2019,TRUE,27.9,0,9,282.5,1012.1,2.9,17.8,7,0.48,3973.571429,-225,60.51580001,-0.866025404,29.19306856
2019-10-14 00:00:00,4236,0,2019,FALSE,27.8,0,7.2,337.2,1012.9,2.8,18.4,8,0.5,3999.714286,436,61.9991704,-0.866025404,28.9891857
2019-10-15 00:00:00,4305,1,2019,FALSE,28.3,0,9.4,72,1013.6,2.7,17.8,7,0.55,4131.285714,69,60.94001957,-0.866025404,29.4250557
2019-10-16 00:00:00,4317,2,2019,FALSE,29,1,8.2,65.3,1013.8,2.3,17.7,8,0.58,4155.571429,12,63.36370039,-0.866025404,30.02905849
2019-10-17 00:00:00,4312,3,2019,FALSE,28.5,0,9.4,88.6,1013.5,2.3,16.7,7,0.62,4172.571429,-5,63.67008147,-0.866025404,29.5439528
2019-10-18 00:00:00,4334,4,2019,FALSE,28.3,0,37.1,63.1,1013.7,2.6,16.8,7,0.65,4189.857143,22,58.33319603,-0.866025404,29.24718729
2019-10-19 00:00:00,4006,5,2019,TRUE,27.2,0,13,340.4,1015.2,2.7,17.6,7,0.69,4187.142857,-328,58.14346599,-0.866025404,28.41115213
2019-10-20 00:00:00,3660,6,2019,TRUE,25.8,0,12.1,280.5,1014.9,2.6,19,8,0.72,4167.142857,-346,55.1030226,-0.866025404,27.57665721
2019-10-21 00:00:00,3958,0,2019,FALSE,24.7,0,16.6,275,1013.2,2.4,18.8,8,0.75,4127.428571,298,54.47686951,-0.866025404,26.12421195
2019-10-22 00:00:00,3891,1,2019,FALSE,23.9,0,14.1,259.6,1010.3,2.8,18.2,8,0.79,4068.285714,-67,54.98160168,-0.866025404,25.20470718
2019-10-23 00:00:00,3923,2,2019,FALSE,24.5,0,11.5,265.7,1009.7,2.6,18.1,8,0.83,4012,32,54.40126101,-0.866025404,25.89934176
2019-10-24 00:00:00,3954,3,2019,FALSE,24.8,0,7.6,50,1010.6,2.1,17.8,8,0.86,3960.857143,31,60.70631982,-0.866025404,26.29027743
2019-10-25 00:00:00,3911,4,2019,FALSE,24.7,0,11.1,81.7,1012,2.1,16.8,7,0.9,3900.428571,-43,60.66031116,-0.866025404,25.91316545
2019-10-26 00:00:00,3480,5,2019,TRUE,24.5,0,9.4,95.4,1013.4,2.2,17.1,7,0.93,3825.285714,-431,62.57323949,-0.866025404,25.7392457
2019-10-27 00:00:00,3067,6,2019,TRUE,24.4,0,15.4,272.6,1012.9,2.1,18,7,0.97,3740.571429,-413,57.27211598,-0.866025404,25.78227731
2019-10-28 00:00:00,2905,0,2019,FALSE,24.3,0,11.2,249.5,1013.4,1.6,17.6,7,0,3590.142857,-162,56.85727939,-0.866025404,25.66865003
2019-10-29 00:00:00,3153,1,2019,FALSE,24.2,0,5.4,232.9,1014.2,1.5,12.6,6,0.04,3484.714286,248,68.71007539,-0.866025404,25.49367278
2019-10-30 00:00:00,3513,2,2019,FALSE,25,0,9.4,275.1,1012.8,1.5,14.3,6,0.07,3426.142857,360,61.13877518,-0.866025404,26.45262828
2019-10-31 00:00:00,3547,3,2019,FALSE,24.4,0,11.2,272.1,1012.1,1.4,16.9,7,0.1,3368,34,61.78306011,-0.866025404,25.66865003
2019-11-01 00:00:00,3513,4,2019,FALSE,25.3,0,11.2,341.1,1012.2,1.2,15.9,7,0.13,3311.142857,-34,65.10325533,-0.5,26.2712019
2019-11-02 00:00:00,3259,5,2019,TRUE,24.1,1,16,275.5,1013.9,1.2,13.3,6,0.17,3279.571429,-254,70.01866696,-0.5,25.02291999
2019-11-03 00:00:00,3116,6,2019,TRUE,22.8,1,15.8,255.9,1014.7,0.9,15.4,7,0.2,3286.571429,-143,76.24746961,-0.5,23.66690433
2019-11-04 00:00:00,3559,0,2019,FALSE,23.5,0,13.6,263.4,1014.4,1.9,16.3,7,0.25,3380,443,66.47381606,-0.5,24.48690509
2019-11-05 00:00:00,3516,1,2019,FALSE,23.2,0,21.5,264,1011.6,2.4,17,7,0.26,3431.857143,-43,56.61200889,-0.5,24.11849368
2019-11-06 00:00:00,3600,2,2019,FALSE,23.4,0,11.2,151.4,1009.4,2.5,14.5,7,0.3,3444.285714,84,49.76672355,-0.5,24.8250774
2019-11-07 00:00:00,3437,3,2019,FALSE,21,1,14.8,76.2,1010.8,1.8,9.6,4,0.33,3428.571429,-163,71.26850928,-0.5,21.4875184
2019-11-08 00:00:00,3478,4,2019,FALSE,22.2,1,11.2,304.4,1013.5,1.6,14.9,7,0.36,3423.571429,41,66.22495681,-0.5,23.13793215
2019-11-09 00:00:00,3188,5,2019,TRUE,22,0,16.6,284,1014.2,2.2,16.2,7,0.39,3413.428571,-290,59.32780948,-0.5,22.76803717
2019-11-10 00:00:00,3128,6,2019,TRUE,21.2,0,13.3,301.1,1014.3,2.2,16.1,7,0.43,3415.142857,-60,58.34472467,-0.5,21.81119945
2019-11-11 00:00:00,3235,0,2019,FALSE,20.8,0,11.2,293.1,1013.1,1.6,15.8,7,0.46,3368.857143,107,53.45600248,-0.5,21.45078689
2019-11-12 00:00:00,3253,1,2019,FALSE,20,0,13,274.6,1014.1,1.2,16.2,7,0.5,3331.285714,18,55.42061499,-0.5,20.36451504
2019-11-13 00:00:00,3348,2,2019,FALSE,20.8,0,9.4,263.6,1016,1,14,6,0.53,3295.285714,95,60.18919432,-0.5,21.57784731
2019-11-14 00:00:00,3480,3,2019,FALSE,20.9,0,9.4,246,1016.7,1,13.4,6,0.56,3301.428571,132,68.11615459,-0.5,21.69674441
2019-11-15 00:00:00,3631,4,2019,FALSE,21.3,0,9.4,285,1015.8,0.7,14.4,7,0.6,3323.285714,151,68.63551223,-0.5,22.1723328
2019-11-16 00:00:00,3273,5,2019,TRUE,21.8,0,22.3,297.8,1015.6,1.8,15.2,7,0.63,3335.428571,-358,61.21277455,-0.5,22.18844821
2019-11-17 00:00:00,3253,6,2019,TRUE,21.1,0,16.6,285.3,1015.5,2.4,15.5,7,0.67,3353.285714,-20,61.05110793,-0.5,21.52500947
2019-11-18 00:00:00,3355,0,2019,FALSE,19.6,0,18.4,276.7,1015,2.7,15.5,7,0.7,3370.428571,102,64.82379899,-0.5,19.56678287
2019-11-19 00:00:00,3410,1,2019,FALSE,19.7,0,11.2,267.8,1014.3,2.3,15.5,7,0.74,3392.857143,55,61.12652007,-0.5,20.12517277
2019-11-20 00:00:00,3440,2,2019,FALSE,19.8,0,9.4,273.4,1014.7,2.2,15.3,7,0.75,3406,30,60.74853672,-0.5,20.38887634
2019-11-21 00:00:00,3403,3,2019,FALSE,19.8,0,9.4,309,1016.7,1.6,14.7,6,0.81,3395,-37,61.14975998,-0.5,20.38887634
2019-11-22 00:00:00,3546,4,2019,FALSE,21,0,9.4,294.1,1016.8,1.8,14.4,6,0.85,3382.857143,143,57.15897079,-0.5,21.81564151
2019-11-23 00:00:00,3373,5,2019,TRUE,20.6,0,13,266,1016.4,1.9,11.3,5,0.88,3397.142857,-173,61.73727326,-0.5,21.0960275
2019-11-24 00:00:00,3329,6,2019,TRUE,20.6,0,13,272.6,1015.7,2.2,11.3,5,0.92,3408,-44,65.46328848,-0.5,21.0960275
2019-11-25 00:00:00,3405,0,2019,FALSE,20.8,0,9.4,339.1,1016.1,1.7,13.9,6,0.95,3415.142857,76,62.61641343,-0.5,21.69674441
2019-11-26 00:00:00,3416,1,2019,FALSE,22.1,0,18.4,53.5,1015.5,2.3,12.1,6,0,3416,11,58.56170335,-0.5,22.70015807
2019-11-27 00:00:00,3499,2,2019,FALSE,20.6,0,16.6,37.6,1015.5,2.4,12.2,6,0.02,3424.428571,83,69.38578734,-0.5,20.90349563
2019-11-28 00:00:00,3442,3,2019,FALSE,19.1,1,22.3,63.8,1016.4,2.1,9.5,5,0.05,3430,-57,74.68669928,-0.5,18.7511151
2019-11-29 00:00:00,3572,4,2019,FALSE,18.4,0,11.2,344.4,1016.9,2.9,10.5,5,0.08,3433.714286,130,75.05445877,-0.5,18.55853789
2019-11-30 00:00:00,3405,5,2019,TRUE,16.8,0,13.5,273.6,1017.3,1.6,14.6,6,0.12,3438.285714,-167,81.41959056,-0.5,16.42012412
2019-12-01 00:00:00,3400,6,2019,TRUE,16.5,0,16.6,274.7,1016.9,1.7,14.5,6,0.15,3448.428571,-5,70.42020601,-2.44929E-16,15.80708208
2019-12-02 00:00:00,3495,0,2019,FALSE,15.8,0,18.4,273.9,1017.6,2.1,14.8,7,0.18,3461.285714,95,66.62235548,-2.44929E-16,14.80405258
2019-12-03 00:00:00,3586,1,2019,FALSE,16,0,16.6,268.2,1016.8,2.4,14.8,7,0.21,3485.571429,91,57.06241038,-2.44929E-16,15.18556823
2019-12-04 00:00:00,3639,2,2019,FALSE,16.2,0,9.4,314.8,1018.9,2.4,14.5,6,0.25,3505.571429,53,56.72468675,-2.44929E-16,16.10858086
2019-12-05 00:00:00,3574,3,2019,FALSE,16,0,9.4,314.3,1021,1.5,13.6,6,0.28,3524.428571,-65,62.74969433,-2.44929E-16,15.87078666
2019-12-06 00:00:00,3793,4,2019,FALSE,16.3,0,13,290.2,1020.2,1.2,12.5,6,0.31,3556,219,72.75383448,-2.44929E-16,15.85352152
2019-12-07 00:00:00,3546,5,2019,TRUE,16.3,0,11.2,355.1,1019.2,1,14.2,6,0.34,3576.142857,-247,73.72223546,-2.44929E-16,16.02782001
2019-12-08 00:00:00,3595,6,2019,TRUE,16.4,0,11.2,295.3,1018.8,1.2,14.3,6,0.37,3604,49,70.4009649,-2.44929E-16,16.14833039
2019-12-09 00:00:00,3600,0,2019,FALSE,16,0,9.4,293.4,1018.1,1.4,14.2,6,0.41,3619,5,63.60169798,-2.44929E-16,15.87078666
2019-12-10 00:00:00,3665,1,2019,FALSE,15.3,0,9.2,270.2,1015.5,1.4,14.2,6,0.44,3630.285714,65,66.98685729,-2.44929E-16,15.18328293
2019-12-11 00:00:00,3851,2,2019,FALSE,16.2,0,11.2,113.9,1013.8,1.4,12.1,6,0.47,3660.571429,186,67.60468963,-2.44929E-16,15.90730963
2019-12-12 00:00:00,3736,3,2019,FALSE,16.9,1,20.5,86.4,1012.6,1.3,9.3,4,0.5,3683.714286,-115,73.8268995,-2.44929E-16,16.05295668
2019-12-13 00:00:00,3975,4,2019,FALSE,15.5,1,18.4,95.1,1013.1,1.1,5.4,3,0.54,3709.714286,239,90.78397924,-2.44929E-16,14.42804756
2019-12-14 00:00:00,3868,5,2019,TRUE,14.6,0,9.4,297.3,1019.7,1.5,8.2,4,0.57,3755.714286,-107,81.66963001,-2.44929E-16,14.20622731
2019-12-15 00:00:00,3874,6,2019,TRUE,13.5,0,14.8,266.6,1019.5,1.3,11.5,5,0.61,3795.571429,6,85.42243421,-2.44929E-16,12.37280466
2019-12-16 00:00:00,3938,0,2019,FALSE,11.2,0,14.8,277.1,1020,1.1,11.3,6,0.64,3843.857143,64,93.56329581,-2.44929E-16,9.416681283
2019-12-17 00:00:00,4079,1,2019,FALSE,10.9,0,14.8,289.2,1021.2,1.3,13.7,6,0.68,3903,141,85.72234772,-2.44929E-16,9.170337668
2019-12-18 00:00:00,4312,2,2019,FALSE,10.9,0,14.8,267.7,1019.9,1.3,13.8,6,0.72,3968.857143,233,84.61514767,-2.44929E-16,9.663024897
2019-12-19 00:00:00,4256,3,2019,FALSE,10.2,0,9.4,96.5,1018.5,0.7,12.6,6,0.75,4043.142857,-56,92.26811113,-2.44929E-16,9.093652142
2019-12-20 00:00:00,4628,4,2019,FALSE,11,0,12.4,253.9,1016.1,0.3,13.6,6,0.79,4136.428571,372,94.18564753,-2.44929E-16,9.592869281
2019-12-21 00:00:00,4202,5,2019,TRUE,12.3,0,13,270.9,1017.1,0.5,8.5,4,0.82,4184.142857,-426,91.77957142,-2.44929E-16,11.09869051
2019-12-22 00:00:00,4346,6,2019,TRUE,10.2,0,15,282.9,1018.2,0.8,13.6,6,0.86,4251.571429,144,95.4407807,-2.44929E-16,8.900541507
2019-12-23 00:00:00,4488,0,2019,FALSE,8.8,0,13,278.3,1017.6,1,14.3,6,0.89,4330.142857,142,93.48906875,-2.44929E-16,7.80688443
2019-12-24 00:00:00,4636,1,2019,FALSE,9.9,0,9.4,311.2,1019.4,0.7,9.8,5,0.93,4409.714286,148,89.8107105,-2.44929E-16,9.093652142
2019-12-25 00:00:00,4770,2,2019,FALSE,7.1,0,14.8,284.2,1018.4,0.8,13.6,6,0.97,4475.142857,134,94.71163672,-2.44929E-16,6.091042486
2019-12-26 00:00:00,4920,3,2019,FALSE,7.3,0,13,287.8,1017.8,1,13.4,6,0,4570,150,89.05048696,-2.44929E-16,6.22194076
2019-12-27 00:00:00,4976,4,2019,FALSE,8,0,9.4,292,1018.6,1,12,5,0.03,4619.714286,56,85.45772439,-2.44929E-16,6.953504399
2019-12-28 00:00:00,4709,5,2019,TRUE,6.8,0,9.4,262.2,1019.4,0.7,11.4,6,0.07,4692.142857,-267,94.64963006,-2.44929E-16,5.170047946
2019-12-29 00:00:00,4832,6,2019,TRUE,8.6,0,11.2,320,1019.8,0.6,10.7,5,0.1,4761.571429,123,87.86193027,-2.44929E-16,6.869031495
2019-12-30 00:00:00,5060,0,2019,FALSE,5.7,0,11.2,119,1019.1,0.2,9.2,4,0.13,4843.285714,228,98.63252856,-2.44929E-16,4.217803241
2019-12-31 00:00:00,5245,1,2019,FALSE,7.5,0,11.2,100.8,1020.3,0.9,11.9,6,0.16,4930.285714,185,81.4062627,-2.44929E-16,6.50750037
2020-01-01 00:00:00,5226,2,2020,FALSE,10.9,0,14.8,79.3,1021,0.9,13.2,6,0.19,4995.428571,-19,77.42572851,0.5,9.293509475
2020-01-02 00:00:00,4804,3,2020,FALSE,13.9,0,9.4,63,1020.8,1.2,13.3,6,0.23,4978.857143,-422,72.31656481,0.5,13.37394763
2020-01-03 00:00:00,4811,4,2020,FALSE,15.3,0,13,90.3,1018.3,1.5,12.5,6,0.25,4955.285714,7,73.54649168,0.5,14.63433408
2020-01-04 00:00:00,4255,5,2020,TRUE,14.3,0,14.8,281.9,1017.5,1.2,12.9,6,0.29,4890.428571,-556,75.86783469,0.5,13.23500731
2020-01-05 00:00:00,4233,6,2020,TRUE,14.2,0,16.6,274.3,1017.9,1.6,13.9,6,0.32,4804.857143,-22,69.97326816,0.5,12.94811838
2020-01-06 00:00:00,4473,0,2020,FALSE,14.4,0,13,21.7,1018.8,1.4,6.4,3,0.35,4721,240,74.37701186,0.5,13.53706539
2020-01-07 00:00:00,4399,1,2020,FALSE,15.2,1,14.8,93.4,1016.3,1.7,8.7,5,0.39,4600.142857,-74,82.82899337,0.5,14.34355357
2020-01-08 00:00:00,4340,2,2020,FALSE,13,1,18.4,336.1,1014.5,1.2,5.3,3,0.42,4473.571429,-59,94.89138169,0.5,11.29467236
2020-01-09 00:00:00,4685,3,2020,FALSE,10.1,0,16.6,286.2,1019.3,1.1,15,6,0.45,4456.571429,345,88.05903486,0.5,8.846126981
2020-01-10 00:00:00,4875,4,2020,FALSE,10,0,15.5,275.5,1019.8,0.8,15.3,7,0.48,4465.714286,190,82.83102076,0.5,8.719414578
2020-01-11 00:00:00,4553,5,2020,TRUE,11.9,0,14.8,263.4,1019.4,1.7,13.3,7,0.5,4508.285714,-322,73.47284809,0.5,10.52522755
2020-01-12 00:00:00,4545,6,2020,TRUE,13.7,0,13,260.5,1016.2,1.5,14.5,6,0.55,4552.857143,-8,71.3281052,0.5,12.80555293
2020-01-13 00:00:00,4490,0,2020,FALSE,15,1,19.1,129.8,1011.6,1.4,11.1,5,0.59,4555.285714,-55,78.54532715,0.5,13.74959568
2020-01-14 00:00:00,4600,1,2020,FALSE,13.2,0,13,313.2,1015.4,1.5,7.9,5,0.62,4584,110,89.44367373,0.5,12.19595921
2020-01-15 00:00:00,4573,2,2020,FALSE,13.2,0,11.2,320.3,1016.3,1.5,14.6,7,0.66,4617.285714,-27,83.692279,0.5,12.29199838
2020-01-16 00:00:00,4402,3,2020,FALSE,12.1,1,11.2,315.6,1015.3,1,9.8,5,0.69,4576.857143,-171,89.95443282,0.5,11.08689463
2020-01-17 00:00:00,4602,4,2020,FALSE,13,1,13,293.4,1016.4,1,9.5,4,0.75,4537.857143,200,90.61138473,0.5,11.83020297
2020-01-18 00:00:00,4320,5,2020,TRUE,12.5,0,11.2,299.8,1018.3,0.9,10.3,6,0.76,4504.571429,-282,87.61390588,0.5,11.44842575
2020-01-19 00:00:00,4578,6,2020,TRUE,9.4,0,16.9,267.1,1019.2,0.9,14.3,7,0.8,4509.285714,258,91.04562147,0.5,8.316495588
2020-01-20 00:00:00,4653,0,2020,FALSE,10.3,0,13,268.7,1018.1,0.8,13,6,0.84,4532.571429,75,94.81263378,0.5,9.391828099
2020-01-21 00:00:00,4468,1,2020,FALSE,13.6,0,11.2,104.9,1018.6,0.8,13.8,6,0.87,4513.714286,-185,86.56126329,0.5,12.77403988
2020-01-22 00:00:00,4630,2,2020,FALSE,11.3,0,14.8,262.5,1020.7,0.7,15.7,7,0.91,4521.857143,162,92.96158922,0.5,9.909368512
2020-01-23 00:00:00,4401,3,2020,FALSE,12.5,0,19.3,275.6,1018.8,2.2,16.5,7,0.94,4521.714286,-229,66.95553198,0.5,11.34452223
2020-01-24 00:00:00,4632,4,2020,FALSE,12.3,0,22.3,268.3,1016.4,2.7,16.6,7,0.98,4526,231,62.48465841,0.5,10.98528844
2020-01-25 00:00:00,4305,5,2020,TRUE,13.4,0,12.2,287.8,1016.5,2.2,16.3,7,0,4523.857143,-327,65.6583228,0.5,12.41019075
2020-01-26 00:00:00,3764,6,2020,TRUE,14.2,0,14.8,275.9,1014.8,1.5,16.1,7,0.04,4407.571429,-541,69.97326816,0.5,13.1118355
2020-01-27 00:00:00,4293,0,2020,FALSE,15.7,0,16.6,57.3,1012.1,1.4,10.7,5,0.08,4356.142857,529,70.26579352,0.5,14.81265992
2020-01-28 00:00:00,4318,1,2020,FALSE,15.8,1,22.3,91.2,1010.7,1.5,11.8,5,0.11,4334.714286,25,87.33984625,0.5,14.54993019
2020-01-29 00:00:00,4371,2,2020,FALSE,14.8,1,13.2,310.9,1016.7,1.7,12.8,6,0.14,4297.714286,53,80.0916533,0.5,14.00445637
2020-01-30 00:00:00,4180,3,2020,FALSE,13.9,0,18.4,285.6,1017.7,1.5,16.3,7,0.17,4266.142857,-191,80.51424506,0.5,12.54802244
2020-01-31 00:00:00,4484,4,2020,FALSE,12,0,13.4,278.5,1015.5,2,16.2,7,0.21,4245,304,78.15532963,0.5,11.05140674
2020-02-01 00:00:00,4073,5,2020,TRUE,12.9,0,14.8,296.7,1018.3,1.8,15.6,7,0.24,4211.857143,-411,74.13380969,0.866025404,11.63377381
2020-02-02 00:00:00,4325,6,2020,TRUE,11.9,0,18.4,277,1019.9,1.4,17.2,7,0.25,4292,252,78.62557026,0.866025404,10.04132228
2020-02-03 00:00:00,4269,0,2020,FALSE,13.5,0,12.4,267.3,1018.5,2.1,17.7,7,0.3,4288.571429,-56,65.25418716,0.866025404,12.62958349
2020-02-04 00:00:00,4126,1,2020,FALSE,14.6,0,14.8,121.6,1016.8,1.8,17.3,7,0.34,4261.142857,-143,64.15208129,0.866025404,13.60452273
2020-02-05 00:00:00,4190,2,2020,FALSE,14.1,0,16.6,287.9,1017.1,1.8,17.2,7,0.37,4235.285714,64,71.90495997,0.866025404,13.07242115
2020-02-06 00:00:00,4386,3,2020,FALSE,12.8,0,11.2,267,1016.4,2.1,17.6,7,0.4,4264.714286,196,71.64267582,0.866025404,11.93046725
2020-02-07 00:00:00,4447,4,2020,FALSE,13.1,0,14.8,308.6,1018.9,1.6,16,7,0.43,4259.428571,61,71.19498128,0.866025404,11.75694562
2020-02-08 00:00:00,3950,5,2020,TRUE,13.5,0,18.4,287.1,1020.8,1.6,18,8,0.47,4241.857143,-497,70.80895722,0.866025404,12.04668241
2020-02-09 00:00:00,4138,6,2020,TRUE,14.2,0,61.3,304.9,1021.3,1.6,18.3,8,0.5,4215.142857,188,71.40379435,0.866025404,10.85654292
2020-02-10 00:00:00,4097,0,2020,FALSE,13.2,0,13,270,1019.3,1.3,18.6,8,0.53,4190.571429,-41,71.73673664,0.866025404,12.31787795
2020-02-11 00:00:00,4144,1,2020,FALSE,14.9,0,11.2,275.9,1019.4,1.4,18.6,8,0.57,4193.142857,47,67.3345844,0.866025404,14.34067476
2020-02-12 00:00:00,4182,2,2020,FALSE,16,0,22.3,265.5,1018.9,1.3,18.1,8,0.6,4192,38,73.20107626,0.866025404,14.93185609
2020-02-13 00:00:00,4008,3,2020,FALSE,18.7,0,22.3,262.6,1015.7,2,18,8,0.64,4138,-174,63.78096993,0.866025404,18.24188057
2020-02-14 00:00:00,4297,4,2020,FALSE,18.5,0,25.9,279.2,1012.9,2.3,19,8,0.67,4116.571429,289,58.07211195,0.866025404,17.82658015
2020-02-15 00:00:00,4003,5,2020,TRUE,17.3,0,25.9,265,1013.2,2.4,19.4,8,0.71,4124.142857,-294,53.28752311,0.866025404,16.40881559
2020-02-16 00:00:00,3872,6,2020,TRUE,17.8,0,14.8,285,1016.3,2.5,19.6,8,0.75,4086.142857,-131,56.74266042,0.866025404,17.54602056
2020-02-17 00:00:00,3762,0,2020,FALSE,17.4,0,22.3,273.7,1017.4,2,19.7,8,0.78,4038.285714,-110,59.77918195,0.866025404,16.58686833
2020-02-18 00:00:00,3876,1,2020,FALSE,17.8,0,20.5,270.1,1014.6,2.1,19.7,8,0.81,4000,114,51.60761714,0.866025404,17.19089054
2020-02-19 00:00:00,3888,2,2020,FALSE,18.9,0,22.3,112.5,1013.2,2.3,17.8,7,0.85,3958,12,55.51186231,0.866025404,18.49649783
2020-02-20 00:00:00,3734,3,2020,FALSE,20.7,1,24.1,103.4,1012.8,2.5,18.1,7,0.88,3918.857143,-154,58.60749763,0.866025404,20.72310391
2020-02-21 00:00:00,4200,4,2020,FALSE,17.2,0,27.7,61.9,1016.6,2.8,4.7,3,0.92,3905,466,81.47133556,0.866025404,16.06826201
2020-02-22 00:00:00,3673,5,2020,TRUE,17.9,0,14.8,56.9,1020.1,2.3,14.4,7,0.95,3857.857143,-527,75.95347787,0.866025404,17.66919237
2020-02-23 00:00:00,3605,6,2020,TRUE,20,0,14.8,323.5,1018,2,17.7,7,0,3819.714286,-68,72.47085629,0.866025404,20.25580033
2020-02-24 00:00:00,3738,0,2020,FALSE,19.7,0,13,303.8,1014.7,2.4,18.1,8,0.02,3816.285714,133,69.21000907,0.866025404,19.99875881
2020-02-25 00:00:00,3573,1,2020,FALSE,19.4,0,18.4,281.4,1013.5,1.6,19.3,8,0.05,3773,-165,71.89631965,0.866025404,19.31611286
2020-02-26 00:00:00,3558,2,2020,FALSE,20.3,0,14.2,274.3,1014.1,1.6,18.8,8,0.09,3725.857143,-15,66.25482004,0.866025404,20.65904801
2020-02-27 00:00:00,3514,3,2020,FALSE,20.7,0,13,111.3,1014.5,1.6,17.9,8,0.12,3694.428571,-44,74.47641927,0.866025404,21.21794625
2020-02-28 00:00:00,3678,4,2020,FALSE,21.3,0,20.5,110.5,1013,2.1,16.1,7,0.15,3619.857143,164,74.10434703,0.866025404,21.61618891
2020-02-29 00:00:00,3407,5,2020,TRUE,20.3,1,24.1,91.7,1012.2,2.1,11.6,7,0.19,3581.857143,-271,77.79597461,0.866025404,20.08248915
2020-04-01 00:00:00,2465,2,2020,FALSE,24.2,1,16.6,292.2,1010.2,3.2,23.1,9,0.25,3419,-942,55.08182806,0.866025404,25.62700087
2020-04-02 00:00:00,2296,3,2020,FALSE,24.3,0,22.3,294.9,1011.1,3.3,25.2,9,0.3,3213,-169,49.68079842,0.866025404,25.62578133
2020-04-03 00:00:00,2257,4,2020,FALSE,23.2,0,16.6,284.1,1012,3.4,26.1,10,0.34,3025,-39,41.05568701,0.866025404,24.63257871
2020-04-04 00:00:00,2163,5,2020,TRUE,24,0,16.6,288.2,1011.9,3.2,25.8,10,0.37,2825.714286,-94,41.5847976,0.866025404,25.75130364
2020-04-05 00:00:00,2220,6,2020,TRUE,25.6,0,11.2,322.4,1012.5,3.1,24.5,9,0.4,2640.857143,57,46.30727058,0.866025404,27.59681603
2020-04-06 00:00:00,2235,0,2020,FALSE,27.6,0,18.4,300.2,1011.3,3.1,25,9,0.44,2434.714286,15,40.72106569,0.866025404,30.34559354
2020-04-07 00:00:00,2240,1,2020,FALSE,26.2,0,20.5,307.7,1009.5,3.2,24.7,10,0.47,2268,5,44.14319086,0.866025404,28.31735501
2020-04-08 00:00:00,2215,2,2020,FALSE,26,0,18.4,299.4,1010,3.5,25.3,10,0.5,2232.285714,-25,38.94039875,0.866025404,28.21489841
2020-04-09 00:00:00,2251,3,2020,FALSE,25.1,0,18.4,279.5,1010.5,3.8,25.9,10,0.54,2225.857143,36,39.20601869,0.866025404,27.08688334
2020-04-10 00:00:00,2309,4,2020,FALSE,27.1,0,11.8,302.4,1011.4,3.2,23.9,9,0.57,2233.285714,58,35.39853921,0.866025404,30.00322673
2020-04-11 00:00:00,2402,5,2020,TRUE,28.6,0,18.4,314.2,1012.1,3.5,25.6,10,0.61,2267.428571,93,34.20847601,0.866025404,31.84961364
2020-04-12 00:00:00,2510,6,2020,TRUE,28.7,0,18.4,284.1,1010.2,3.7,25.6,10,0.64,2308.857143,108,36.71133611,0.866025404,31.59894362
2020-04-13 00:00:00,2759,0,2020,FALSE,30,0,20.5,274.6,1008,3.6,25,9,0.67,2383.714286,249,37.01745014,0.866025404,32.99552757
2020-04-14 00:00:00,3017,1,2020,FALSE,31.6,0,8,124.9,1008.2,3.6,23.7,9,0.71,2494.714286,258,38.34807531,0.866025404,34.37646581
2020-04-15 00:00:00,3007,2,2020,FALSE,31.1,0,14.8,279.2,1007.8,3.3,23.1,9,0.75,2607.857143,-10,25.9245398,0.866025404,35.52910443
2020-04-16 00:00:00,3169,3,2020,FALSE,30.2,0,16.6,285,1006.6,3.4,25.1,9,0.77,2739,162,31.7747785,0.866025404,33.58237812
2020-04-17 00:00:00,3131,4,2020,FALSE,30.6,1,18.4,15.5,1006.1,3.8,20.7,10,0.81,2856.428571,-38,34.9067541,0.866025404,33.98030877
2020-04-18 00:00:00,3084,5,2020,TRUE,29.1,1,22.3,67.6,1007.9,3.5,24,10,0.84,2953.857143,-47,40.23856475,0.866025404,31.73659575
2020-04-19 00:00:00,2977,6,2020,TRUE,27.3,1,14.8,296.5,1007.8,3.5,25.2,9,0.87,3020.571429,-107,46.49408274,0.866025404,29.74002949
2020-04-20 00:00:00,2955,0,2020,FALSE,26.7,0,16.6,208,1008.6,3.4,21.3,9,0.91,3048.571429,-22,44.28033016,0.866025404,28.98317565
2020-04-21 00:00:00,2745,1,2020,FALSE,27,0,16.6,298.3,1008.8,3.6,25.7,9,0.94,3009.714286,-210,42.41947407,0.866025404,29.48038673
2020-04-22 00:00:00,2906,2,2020,FALSE,28.5,0,14.8,283.4,1007.5,3.6,26.5,10,0.97,2995.285714,161,36.92420826,0.866025404,31.46443479
2020-04-23 00:00:00,2884,3,2020,FALSE,28.7,0,18.4,300.2,1006.6,3.4,20.4,8,0,2954.571429,-22,38.17685965,0.866025404,31.59894362
2020-04-24 00:00:00,3070,4,2020,FALSE,29.5,0,11.2,151.8,1005,3.8,24.2,9,0.04,2945.857143,186,41.37343932,0.866025404,32.05569991
2020-04-25 00:00:00,3100,5,2020,TRUE,30.5,0,13,176.5,1005.2,4.1,23.2,10,0.08,2948.142857,30,37.583413,0.866025404,33.28790188
2020-04-26 00:00:00,3072,6,2020,TRUE,25.3,1,27.7,94.6,1008,2.9,22.2,9,0.11,2961.714286,-28,60.82103621,0.866025404,26.43698271
2020-04-27 00:00:00,2692,0,2020,FALSE,26.5,1,22.3,99.8,1010.9,3.7,19.5,8,0.15,2924.142857,-380,58.786018,0.866025404,27.7900281
2020-04-28 00:00:00,3019,1,2020,FALSE,29.7,0,13,96.1,1010.9,3.8,23,9,0.18,2963.285714,327,56.46872711,0.866025404,30.84952701
2020-04-29 00:00:00,3174,2,2020,FALSE,31.7,0,13.9,156.7,1008.2,3.3,25,9,0.22,3001.571429,155,51.21907119,0.866025404,33.05516031
2020-04-30 00:00:00,3362,3,2020,FALSE,33.3,0,14.8,105.6,1007.4,3.3,24.9,10,0.25,3069.857143,188,49.00930204,0.866025404,34.42055816
2020-05-01 00:00:00,3522,4,2020,FALSE,33.8,0,16.6,76.9,1005.8,3.3,26.3,10,0.25,3134.428571,160,50.26671268,0.5,34.57680028
2020-05-02 00:00:00,3501,5,2020,TRUE,33.4,0,21.6,100.5,1005.6,2.9,25.7,10,0.32,3191.714286,-21,59.03498811,0.5,33.13127273
2020-05-03 00:00:00,3457,6,2020,TRUE,29.8,1,26.3,97,1006.6,2.7,20.3,7,0.35,3246.714286,-44,66.99337532,0.5,30.06980296
2020-05-04 00:00:00,3180,0,2020,FALSE,28.9,0,14.8,31,1008.2,3.5,24,9,0.39,3316.428571,-277,59.20779488,0.5,30.10954491
2020-05-05 00:00:00,3420,1,2020,FALSE,31.8,0,14.8,298.9,1006.9,3.5,25.5,9,0.42,3373.714286,240,48.82662136,0.5,33.55835551
2020-05-06 00:00:00,3387,2,2020,FALSE,29.6,0,14.8,121.8,1006.4,3.2,25.7,10,0.46,3404.142857,-33,42.20555841,0.5,32.20346563
2020-05-07 00:00:00,3451,3,2020,FALSE,29.6,0,16.6,86.9,1007,4.1,27.2,10,0.5,3416.857143,64,36.51239253,0.5,32.8365615
2020-05-08 00:00:00,3782,4,2020,FALSE,32.3,0,13,121,1005.2,3.7,27.1,10,0.53,3454,331,37.78368417,0.5,35.23860178
2020-05-09 00:00:00,4078,5,2020,TRUE,35.1,0,16.6,113.2,1005.6,3.4,26.7,10,0.56,3536.428571,296,43.69896641,0.5,36.56564459
2020-05-10 00:00:00,4044,6,2020,TRUE,29.8,1,22.3,91.4,1007.1,3,24.8,9,0.59,3620.285714,-34,54.70782924,0.5,30.71812668
2020-05-11 00:00:00,3658,0,2020,FALSE,29.9,0,16.6,103.9,1008,3.1,24.4,9,0.63,3688.571429,-386,51.47740984,0.5,31.2206255
2020-05-12 00:00:00,3798,1,2020,FALSE,32.2,0,14.8,74.8,1007.5,3.6,25,9,0.66,3742.571429,140,46.25457478,0.5,34.05104274
2020-05-13 00:00:00,3702,2,2020,FALSE,32.1,0,11.2,13.2,1006.5,2.9,22.2,8,0.69,3787.571429,-96,50.92658006,0.5,33.14029329
2020-05-14 00:00:00,3656,3,2020,FALSE,31.7,1,18.4,128.4,1005.6,3.4,26.3,10,0.75,3816.857143,-46,49.69747942,0.5,33.35363373
2020-05-15 00:00:00,3698,4,2020,FALSE,32.3,0,20.5,293.5,1005.2,3.6,26.7,10,0.76,3804.857143,42,37.99801012,0.5,35.2713953
2020-05-16 00:00:00,3875,5,2020,TRUE,32,0,17.5,293.6,1004.2,3.8,28.3,10,0.79,3775.857143,177,32.45255406,0.5,35.71568856
2020-05-17 00:00:00,4000,6,2020,TRUE,31.8,0,18.4,246.7,1002.7,2.9,26.9,9,0.82,3769.571429,125,31.18320871,0.5,35.60966387
2020-05-18 00:00:00,4129,0,2020,FALSE,32,0,18.4,286.6,1001.7,3.3,28.4,10,0.85,3836.857143,129,27.81263244,0.5,36.1110039
2020-05-19 00:00:00,4195,1,2020,FALSE,32.5,0,14.8,333.7,1001,3.4,27.6,10,0.89,3893.571429,66,24.23335604,0.5,37.00716612
2020-05-20 00:00:00,4276,2,2020,FALSE,31.5,0,20.5,297.4,1000.8,3.5,29,10,0.92,3975.571429,81,21.49382685,0.5,36.53576626
2020-05-21 00:00:00,4518,3,2020,FALSE,33.1,0,24.1,289.5,1000,4,29.1,10,0.95,4098.714286,242,19.68063187,0.5,38.78844016
2020-05-22 00:00:00,4923,4,2020,FALSE,34.4,0,20.5,290.9,999.9,3.7,28.4,10,0,4273.714286,405,20.83177369,0.5,39.69669367
2020-05-23 00:00:00,5055,5,2020,TRUE,36.1,0,22.3,275.2,1001,3.5,26.4,10,0.02,4442.285714,132,21.20169018,0.5,41.66666918
2020-05-24 00:00:00,5268,6,2020,TRUE,37,0,22.3,284.4,1001.7,3.5,27.9,10,0.05,4623.428571,213,18.43840999,0.5,43.06706416
2020-05-25 00:00:00,5384,0,2020,FALSE,36.4,0,21,274.8,1001.3,4,28.4,10,0.09,4802.714286,116,22.4989168,0.5,41.61417085
2020-05-26 00:00:00,5464,1,2020,FALSE,37.3,0,20.3,278.5,999.4,3.9,27.4,10,0.13,4984,80,21.14363983,0.5,42.72178863
2020-05-27 00:00:00,5425,2,2020,FALSE,37.5,0,22.3,322.8,997.9,4,27.3,10,0.16,5148.142857,-39,21.25866253,0.5,42.68513826
2020-05-28 00:00:00,5407,3,2020,FALSE,35,1,24.1,95.1,999.8,3.4,24.8,9,0.2,5275.142857,-18,40.87500723,0.5,37.12284179
2020-05-29 00:00:00,4402,4,2020,FALSE,30.4,1,22.3,94.7,1003,2.8,24.4,9,0.23,5200.714286,-1005,59.09679708,0.5,31.48197848
2020-05-30 00:00:00,4145,5,2020,TRUE,30.2,0,22.3,130.2,1005.1,3.6,18.9,7,0.25,5070.714286,-257,61.58966307,0.5,30.84543531
2020-05-31 00:00:00,4098,6,2020,TRUE,26.7,1,33.5,140.1,1007.1,3.3,22.2,9,0.3,4903.571429,-47,77.65645384,0.5,27.15471705
2020-06-01 00:00:00,3807,0,2020,FALSE,30.3,0,9.4,71.6,1007.3,3.7,26.7,10,0.34,4678.285714,-291,60.48203963,1.22465E-16,30.97071796
2020-06-02 00:00:00,4058,1,2020,FALSE,32.7,0,22.3,279.9,1005.4,3.7,25.4,9,0.37,4477.428571,251,51.05471787,1.22465E-16,33.90084252
2020-06-03 00:00:00,4250,2,2020,FALSE,33.1,1,11.2,250.6,1003.5,3.6,24.8,9,0.41,4309.571429,192,51.71719708,1.22465E-16,33.86335554
2020-06-04 00:00:00,4194,3,2020,FALSE,31,1,22.3,115.1,1002.5,2.8,18.8,7,0.45,4136.285714,-56,59.1432157,1.22465E-16,31.73659575
2020-06-05 00:00:00,3935,4,2020,FALSE,30.3,1,22.3,129.1,1002.8,2.9,24.4,9,0.48,4069.571429,-259,57.29614178,1.22465E-16,31.48197848
2020-06-06 00:00:00,4248,5,2020,TRUE,32.8,0,14.8,114.6,1002,3.5,25.2,9,0.5,4084.285714,313,60.47340676,1.22465E-16,32.94249648
2020-06-07 00:00:00,4193,6,2020,TRUE,31.9,1,18.4,42.2,1001.9,2.8,25.5,9,0.55,4097.857143,-55,63.29864354,1.22465E-16,31.84961364
2020-06-08 00:00:00,4611,0,2020,FALSE,34.8,0,16.5,309.3,1001.4,3.2,25.7,9,0.58,4212.714286,418,53.53908947,1.22465E-16,34.94777225
2020-06-09 00:00:00,5119,1,2020,FALSE,38.9,0,20.5,313,1001.1,3.4,24.1,9,0.61,4364.285714,508,46.89109771,1.22465E-16,38.5587598
2020-06-10 00:00:00,5198,2,2020,FALSE,39.7,1,24.1,260.2,1000.6,3.8,24.4,9,0.64,4499.714286,79,48.93522497,1.22465E-16,38.66031721
2020-06-11 00:00:00,5534,3,2020,FALSE,40.1,0,16.6,297.5,999.4,3.4,24.8,9,0.68,4691.142857,336,50.72370229,1.22465E-16,38.30588336
2020-06-12 00:00:00,5591,4,2020,FALSE,42.2,0,27.7,91.5,998.1,2.8,24.7,9,0.71,4927.714286,57,49.19215227,1.22465E-16,40.04592861
2020-06-13 00:00:00,5509,5,2020,TRUE,38.5,1,16.6,109,998.9,2.8,21,8,0.75,5107.857143,-82,57.14748835,1.22465E-16,36.19273628
2020-06-14 00:00:00,5571,6,2020,TRUE,40.5,0,13,37.9,1000.4,3.1,21.3,9,0.77,5304.714286,62,54.1301372,1.22465E-16,37.7988954
2020-06-15 00:00:00,5805,0,2020,FALSE,40.7,0,16.6,247.7,998.4,4,26.4,9,0.81,5475.285714,234,43.13614354,1.22465E-16,40.17042491
2020-06-16 00:00:00,5899,1,2020,FALSE,41,0,25,119.5,996,3.9,24.4,9,0.84,5586.714286,94,45.48973874,1.22465E-16,40.09732185
2020-06-17 00:00:00,5985,2,2020,FALSE,42.6,0,18.4,99.4,995.6,3.8,26.4,9,0.87,5699.142857,86,51.85309266,1.22465E-16,39.3697141
2020-06-18 00:00:00,6193,3,2020,FALSE,44.3,0,14.8,110.3,996.1,3.7,26.3,9,0.9,5793.285714,208,51.40904813,1.22465E-16,40.0864613
2020-06-19 00:00:00,6245,4,2020,FALSE,44.3,0,20.5,105,998,3.2,25.4,9,0.94,5886.714286,52,52.31450796,1.22465E-16,40.20244205
2020-06-20 00:00:00,6064,5,2020,TRUE,37.8,1,20.2,209,1000.2,3.1,22.9,9,0.97,5966,-181,62.31695002,1.22465E-16,35.01363792
2020-06-21 00:00:00,5243,6,2020,TRUE,38.2,1,13,95.2,999.9,3,25.1,9,0,5919.142857,-821,66.50226398,1.22465E-16,34.50708932
2020-06-22 00:00:00,5369,0,2020,FALSE,37.8,1,13,25.1,999.6,3.2,22.8,8,0.04,5856.857143,126,64.23727152,1.22465E-16,34.9947643
2020-06-23 00:00:00,5467,1,2020,FALSE,41.9,0,14.8,88.7,1001.7,3.4,22.1,8,0.07,5795.142857,98,67.5365104,1.22465E-16,36.02179166
2020-06-24 00:00:00,5288,2,2020,FALSE,39.6,1,16.6,83.2,1002.8,3.2,17.8,7,0.11,5695.571429,-179,76.12710522,1.22465E-16,33.83098366
2020-06-25 00:00:00,5332,3,2020,FALSE,40.2,1,10.1,282.1,1000.4,3.2,23.9,8,0.14,5572.571429,44,73.99047421,1.22465E-16,34.31836002
2020-06-26 00:00:00,5399,4,2020,FALSE,40.8,1,18.6,260.7,999.3,3.2,19.5,7,0.18,5451.714286,67,69.05810488,1.22465E-16,35.4882932
2020-06-27 00:00:00,5561,5,2020,TRUE,42.3,0,23.7,252.5,998.1,3.1,21.6,9,0.22,5379.857143,162,59.85727088,1.22465E-16,37.75406317
2020-06-28 00:00:00,6096,6,2020,TRUE,45.1,0,26.6,251.7,997.2,2.9,21.8,8,0.25,5501.714286,535,52.67734524,1.22465E-16,40.66117252
2020-06-29 00:00:00,6314,0,2020,FALSE,41.4,1,20.3,263.3,999.1,3.2,21.9,9,0.29,5636.714286,218,50.85024847,1.22465E-16,39.058035
2020-06-30 00:00:00,5895,1,2020,FALSE,41.2,0,16.6,106.3,1000.8,3,21.2,9,0.32,5697.857143,-419,69.44954798,1.22465E-16,35.3226169
2020-07-01 00:00:00,5958,2,2020,FALSE,43.9,0,25.2,92.8,999.4,3.1,24,9,0.36,5793.571429,63,64.63271817,-0.5,37.66003352
2020-07-02 00:00:00,6198,3,2020,FALSE,47,0,11.2,87.1,997,2.7,23.7,8,0.39,5917.285714,240,60.9065566,-0.5,39.16581205
2020-07-03 00:00:00,6310,4,2020,FALSE,46.2,1,17.5,47.2,996.5,3,24.2,9,0.43,6047.428571,112,61.17807339,-0.5,38.96126965
2020-07-04 00:00:00,5989,5,2020,TRUE,42.6,0,16.6,87.4,997.1,3.5,18.9,7,0.47,6108.571429,-321,63.81035577,-0.5,37.06285567
2020-07-05 00:00:00,5812,6,2020,TRUE,34.4,1,18.4,62.1,998.2,3.1,16.6,7,0.5,6068,-177,77.22220665,-0.5,31.59894362
2020-07-06 00:00:00,5127,0,2020,FALSE,39.4,1,16.6,84.7,997.5,2.6,22.5,8,0.53,5898.428571,-685,75.2484628,-0.5,33.95528643
2020-07-07 00:00:00,4897,1,2020,FALSE,37.3,1,18.4,85.7,1000.2,3.4,15.3,7,0.57,5755.857143,-230,78.27710346,-0.5,32.72695869
2020-07-08 00:00:00,4929,2,2020,FALSE,38.6,1,17.5,37.9,1001.6,2.4,13.4,7,0.6,5608.857143,32,83.03477681,-0.5,32.71976755
2020-07-09 00:00:00,5653,3,2020,FALSE,41.1,0,10.4,258.4,998.2,3.5,15.5,7,0.63,5531,724,71.12971531,-0.5,35.28454964
2020-07-10 00:00:00,5773,4,2020,FALSE,43.3,1,18.4,251.8,995.9,3.5,21.3,8,0.66,5454.285714,120,64.95378562,-0.5,37.11368396
2020-07-11 00:00:00,5532,5,2020,TRUE,38.2,1,18.4,314.6,997.3,3.7,21.3,8,0.7,5389,-241,71.37388102,-0.5,34.23097879
2020-07-12 00:00:00,5426,6,2020,TRUE,37,0,16.6,331.4,998.6,3.5,18.9,8,0.73,5333.857143,-106,70.0014469,-0.5,33.45807535
2020-07-13 00:00:00,5434,0,2020,FALSE,38,0,11.5,283.7,998.3,3.6,22.4,9,0.75,5377.714286,8,63.85356133,-0.5,34.95617096
2020-07-14 00:00:00,5922,1,2020,FALSE,42,0,13.7,278,999.2,3.4,22.1,8,0.79,5524.142857,488,63.41195466,-0.5,36.84784224
2020-07-15 00:00:00,5727,2,2020,FALSE,42,0,18.4,91.5,999.9,3.1,19.5,7,0.82,5638.142857,-195,67.93722543,-0.5,36.1110039
2020-07-16 00:00:00,5711,3,2020,FALSE,40.5,0,14.8,95.9,999,2.9,20.3,8,0.86,5646.428571,-16,70.65703564,-0.5,35.0364172
2020-07-17 00:00:00,5762,4,2020,FALSE,42.2,1,20.5,97.2,999.7,2.6,18.5,7,0.89,5644.857143,51,73.23871546,-0.5,35.3978324
2020-07-18 00:00:00,5612,5,2020,TRUE,42.6,0,18.4,93.5,1000.7,2.6,17.9,7,0.92,5656.285714,-150,75.40529657,-0.5,35.23365885
2020-07-19 00:00:00,5457,6,2020,TRUE,39,1,16.6,260.8,999.5,3,12.9,4,0.95,5660.714286,-155,81.61829852,-0.5,33.08516704
2020-07-20 00:00:00,5033,0,2020,FALSE,32.3,1,22.3,259.6,998,3.3,15.3,7,0,5603.428571,-424,79.92666494,-0.5,30.59081804
2020-07-21 00:00:00,4485,1,2020,FALSE,28.5,1,22.3,96.5,1000.9,2.4,14.9,8,0.02,5398.142857,-548,89.33864171,-0.5,28.29926264
2020-07-22 00:00:00,3890,2,2020,FALSE,27.5,1,13,258.3,1002,2.6,11.1,5,0.06,5135.714286,-595,93.12498199,-0.5,27.92347716
2020-07-23 00:00:00,4472,3,2020,FALSE,33.5,0,13,276.9,1001,3.4,22.8,8,0.09,4958.714286,582,77.22220665,-0.5,31.58103947
2020-07-24 00:00:00,4878,4,2020,FALSE,37.1,1,12.2,89.2,1003.6,2.5,20.8,7,0.13,4832.428571,406,79.19546703,-0.5,32.54838793
2020-07-28 00:00:00,4836,1,2020,FALSE,44.8,0,13.5,259.9,1000,3.9,21.6,8,0.27,4721.571429,-42,72.55243993,-0.5,36.47416653
2020-07-26 00:00:00,5287,6,2020,TRUE,40.9,1,14.1,85.6,1005,3.2,18.6,7,0.2,4697.285714,451,75.77167062,-0.5,34.52995065
2020-07-27 00:00:00,5457,0,2020,FALSE,43.1,0,15.4,255.6,1002,3.8,19.7,8,0.25,4757.857143,170,71.21849519,-0.5,36.03784427
2020-07-28 00:00:00,6107,1,2020,FALSE,44.8,0,13.5,259.9,1000,3.9,21.6,8,0.27,4989.571429,650,72.55243993,-0.5,36.47416653
2020-07-29 00:00:00,5941,2,2020,FALSE,37.8,1,9.4,130.2,1000.6,3.2,18.1,7,0.31,5282.571429,-166,79.69205742,-0.5,32.75417442
2020-07-30 00:00:00,4931,3,2020,FALSE,33.3,0,13.3,191.4,1002.6,3.5,16.8,7,0.34,5348.142857,-1010,79.49058501,-0.5,30.9714984
2020-07-31 00:00:00,5147,4,2020,FALSE,38.8,1,9.4,107.4,1001.8,2.8,19.4,8,0.38,5386.571429,216,81.60608854,-0.5,32.87307151
2020-08-01 00:00:00,5054,5,2020,TRUE,38,1,14.8,134.7,1001.1,2,14.8,7,0.41,5417.714286,-93,83.50198988,-0.866025404,32.44980925
2020-08-02 00:00:00,5494,6,2020,TRUE,40.5,1,18.4,253.1,999,3.3,21.1,9,0.45,5447.285714,440,76.6378405,-0.866025404,34.35631379
2020-08-03 00:00:00,5419,0,2020,FALSE,42.7,1,18.4,245.8,995,3.3,19.8,8,0.5,5441.857143,-75,74.1211623,-0.866025404,35.48432886
2020-08-04 00:00:00,5716,1,2020,FALSE,42.2,1,11.3,29.3,993.2,2.1,19.9,8,0.52,5386,297,74.96413602,-0.866025404,35.07130337
2020-08-05 00:00:00,5605,2,2020,FALSE,41.9,1,20.2,90.9,994.6,2,14.7,7,0.55,5338,-111,82.18248414,-0.866025404,34.00335283
2020-08-06 00:00:00,5532,3,2020,FALSE,40.9,1,29.9,91,997.3,3.2,21.5,9,0.58,5423.857143,-73,70.69309458,-0.866025404,35.53886197
2020-08-07 00:00:00,5602,4,2020,FALSE,40.4,1,26.3,94.5,1000.3,3.2,20.3,7,0.62,5488.857143,70,73.13800964,-0.866025404,34.71565838
2020-08-08 00:00:00,5737,5,2020,TRUE,43,1,9.4,358.3,998.4,3.1,21.2,8,0.65,5586.428571,135,72.4500027,-0.866025404,35.60770474
2020-08-09 00:00:00,5610,6,2020,TRUE,39.1,1,18.4,270.7,998.1,2.8,11.2,5,0.68,5603,-127,84.51049082,-0.866025404,32.72695869
2020-08-10 00:00:00,5463,0,2020,FALSE,40.8,1,11.2,103.2,999.2,2.9,8.8,4,0.71,5609.285714,-147,81.20201248,-0.866025404,33.62233479
2020-08-11 00:00:00,5459,1,2020,FALSE,40.7,1,14.8,227,998.9,2.6,14.7,6,0.75,5572.571429,-4,81.67917391,-0.866025404,33.68152732
2020-08-12 00:00:00,5338,2,2020,FALSE,39.5,1,22.3,251.9,997.8,3.1,11.6,6,0.78,5534.428571,-121,76.59281742,-0.866025404,34.02815116
2020-08-13 00:00:00,5033,3,2020,FALSE,30.7,1,20.5,47.6,997.7,2,5.4,3,0.81,5463.142857,-305,95.96117987,-0.866025404,28.82310339
2020-08-14 00:00:00,4675,4,2020,FALSE,35.9,1,10.6,69.8,996.9,2.8,8.4,4,0.84,5330.714286,-358,88.46283549,-0.866025404,31.21098025
2020-08-15 00:00:00,4762,5,2020,TRUE,39.8,0,11.8,103.4,996.8,3.1,14.9,7,0.88,5191.428571,87,81.64268353,-0.866025404,33.27021885
2020-08-16 00:00:00,5209,6,2020,TRUE,40.3,1,13.8,108,997.9,3.3,17,7,0.91,5134.142857,447,78.8800955,-0.866025404,33.91140578
2020-08-17 00:00:00,5237,0,2020,FALSE,40.5,1,13,115.8,998.2,2.4,17.9,7,0.94,5101.857143,28,86.03764116,-0.866025404,33.04406439
2020-08-18 00:00:00,5241,1,2020,FALSE,39.3,1,18.3,195.4,998.9,3,14.7,7,0.97,5070.714286,4,86.49527388,-0.866025404,32.47561458
2020-08-19 00:00:00,4832,2,2020,FALSE,30.6,1,17.7,151.5,998.9,2.2,3.5,1,0,4998.428571,-409,95.95824444,-0.866025404,28.72318044
2020-08-20 00:00:00,4117,3,2020,FALSE,29,1,13,88.6,1001.4,1.9,7.1,5,0.04,4867.571429,-715,95.94647087,-0.866025404,28.28923339
2020-08-21 00:00:00,4373,4,2020,FALSE,34.4,1,14.8,75.1,1002.7,3.5,16.6,7,0.08,4824.428571,256,78.17775062,-0.866025404,31.83395021
2020-08-22 00:00:00,4472,5,2020,TRUE,36.4,0,19.5,72,1001.8,3.7,16.8,6,0.11,4783,99,73.35420906,-0.866025404,32.98720654
2020-08-23 00:00:00,4462,6,2020,TRUE,35.5,1,16.2,77.6,1000.4,3.4,15.4,7,0.15,4676.285714,-10,80.04575634,-0.866025404,31.71632575
2020-08-24 00:00:00,4502,0,2020,FALSE,35,1,16.6,97.2,1000.8,2.9,13.5,7,0.18,4571.285714,40,81.93134437,-0.866025404,31.34492827
2020-08-25 00:00:00,4641,1,2020,FALSE,35.3,0,14.4,135.5,1003,3.6,16.4,7,0.25,4485.571429,139,80.50956303,-0.866025404,31.58620769
2020-08-26 00:00:00,4876,2,2020,FALSE,36.2,0,14.1,245,1004.3,3.5,15.9,6,0.25,4491.857143,235,75.52275935,-0.866025404,32.56674149
2020-08-27 00:00:00,5183,3,2020,FALSE,37,0,11.8,262.4,1003.5,4,12.9,7,0.29,4644.142857,307,72.12209225,-0.866025404,33.39121856
2020-08-28 00:00:00,5093,4,2020,FALSE,33.5,1,10.3,284.7,1001.9,2.9,17.6,8,0.32,4747,-90,85.34809857,-0.866025404,30.73145263
2020-08-29 00:00:00,4922,5,2020,TRUE,35.8,0,11.2,77.7,1001.2,2.3,19.4,8,0.36,4811.285714,-171,79.63860889,-0.866025404,32.29672066
2020-08-30 00:00:00,4799,6,2020,TRUE,34.1,1,18.5,77.3,1000.9,3,17.4,7,0.4,4859.428571,-123,80.93842155,-0.866025404,31.09767161
2020-08-31 00:00:00,4442,0,2020,FALSE,33.4,0,18.4,122.9,1003.2,3.6,16.9,6,0.43,4850.857143,-357,76.27419596,-0.866025404,31.34827361
2020-09-01 00:00:00,4801,1,2020,FALSE,34.3,0,12.6,170.8,1004.8,3.9,16.4,6,0.47,4873.714286,359,70.69826627,-1,32.43082141
2020-09-02 00:00:00,5148,2,2020,FALSE,35.9,0,10.3,239.1,1006.7,3.5,18.7,8,0.5,4912.571429,347,73.7761294,-1,32.76692008
2020-09-03 00:00:00,5259,3,2020,FALSE,38.7,1,15.3,89.9,1007.1,2.9,16.3,8,0.53,4923.428571,111,74.77294541,-1,33.68876143
2020-09-04 00:00:00,5298,4,2020,FALSE,38.5,1,11.2,114.1,1006.2,2.7,18.4,8,0.57,4952.714286,39,77.41326127,-1,33.14029329
2020-09-05 00:00:00,5151,5,2020,TRUE,34.8,1,19.9,258.9,1004.4,2.9,15.3,8,0.6,4985.428571,-147,79.58495914,-1,31.85538654
2020-09-06 00:00:00,4949,6,2020,TRUE,34,0,9.4,252.3,1003.5,2.9,17,7,0.63,5006.857143,-202,79.5580585,-1,31.56520345
2020-09-07 00:00:00,4946,0,2020,FALSE,35.6,1,17.1,236.2,1003.9,2.6,18.8,8,0.67,5078.857143,-3,81.95548127,-1,31.59508411
2020-09-08 00:00:00,5302,1,2020,FALSE,35.5,0,11.2,272.3,1004.6,2.7,18.8,8,0.7,5150.428571,356,74.20078816,-1,32.65825179
2020-09-09 00:00:00,5433,2,2020,FALSE,37.6,0,14.8,283.2,1004.3,2.8,19,8,0.73,5191.142857,131,71.32060136,-1,33.80469913
2020-09-10 00:00:00,5585,3,2020,FALSE,37.1,0,14.8,278.3,1002.2,2.6,19.8,7,0.75,5237.714286,152,70.87911071,-1,33.68152732
2020-09-11 00:00:00,5669,4,2020,FALSE,36.4,0,13,298.2,1002.6,3.1,19.5,7,0.8,5290.714286,84,62.62792182,-1,34.50708932
2020-09-12 00:00:00,5516,5,2020,TRUE,38,0,7.6,339.6,1004.9,3.2,20.7,8,0.83,5342.857143,-153,65.35956383,-1,34.59724815
2020-09-13 00:00:00,5677,6,2020,TRUE,39.4,0,9.4,350.4,1004.9,2.7,19.7,7,0.86,5446.857143,161,67.78248271,-1,34.89432216
2020-09-14 00:00:00,5808,0,2020,FALSE,39.3,0,9.4,320.1,1003.8,2.7,19.2,8,0.9,5570,131,70.18515774,-1,34.53763087
2020-09-15 00:00:00,5952,1,2020,FALSE,38.4,0,10.3,269.9,1003.3,2.8,20.9,8,0.93,5662.857143,144,68.1290335,-1,34.56292077
2020-09-16 00:00:00,6072,2,2020,FALSE,39.3,0,11.2,270.2,1003,3.3,19.5,8,0.96,5754.142857,120,63.95899881,-1,35.55050079
2020-09-17 00:00:00,6087,3,2020,FALSE,38.9,0,20.5,272.1,1002.7,3.3,20.8,8,0,5825.857143,15,62.44723872,-1,35.77714368
2020-09-18 00:00:00,6231,4,2020,FALSE,39.8,0,16.6,274.5,1001.8,3.3,19.2,8,0.03,5906.142857,144,62.16134618,-1,36.19273628
2020-09-19 00:00:00,6073,5,2020,TRUE,39,0,9.7,297.6,1002,3.3,20.1,8,0.06,5985.714286,-158,65.05199403,-1,35.14219392
2020-09-20 00:00:00,5960,6,2020,TRUE,38.9,0,10.3,301.3,1001.5,3.4,21.1,8,0.1,6026.142857,-113,65.05199403,-1,35.16158766
2020-09-21 00:00:00,6089,0,2020,FALSE,39.2,0,9.7,319.1,1000.4,3,20.2,8,0.13,6066.285714,129,65.05199403,-1,35.14219392
2020-09-22 00:00:00,6057,1,2020,FALSE,39.4,0,13.3,94.1,1000.7,3,16.8,7,0.17,6081.285714,-32,68.57411424,-1,34.87989261
2020-09-23 00:00:00,5914,2,2020,FALSE,38.8,0,10.5,93.9,1000.9,3.6,18.4,8,0.2,6058.714286,-143,68.53598985,-1,34.56828725
2020-09-24 00:00:00,5798,3,2020,FALSE,36.1,0,13,101.1,1003,3.3,19.3,8,0.25,6017.428571,-116,70.38463521,-1,33.16598314
2020-09-25 00:00:00,5636,4,2020,FALSE,35.2,0,14.8,243.7,1002.6,3.4,21,8,0.27,5932.428571,-162,60.33175521,-1,34.17421455
2020-09-26 00:00:00,5497,5,2020,TRUE,31.7,0,18,257.1,1002.6,3,19.2,7,0.31,5850.142857,-139,64.05529398,-1,31.72289436
2020-09-27 00:00:00,4885,6,2020,TRUE,31,0,15.3,267.3,1005.4,3.6,20.9,8,0.34,5696.571429,-612,57.72352468,-1,31.83630539
2020-09-28 00:00:00,4939,0,2020,FALSE,31.6,0,15.4,289.6,1006.5,3.6,21.1,8,0.37,5532.285714,54,57.1570521,-1,32.57813493
2020-09-29 00:00:00,4917,1,2020,FALSE,31.9,0,15.4,280.6,1006.2,3.5,20.6,8,0.41,5369.428571,-22,59.99110306,-1,32.33101284
2020-09-30 00:00:00,4761,2,2020,FALSE,30,0,16.5,269.9,1005.1,3.3,21.2,8,0.44,5204.714286,-156,56.94184404,-1,31.46897634
2020-10-01 00:00:00,4820,3,2020,FALSE,30.2,0,15.2,278.9,1004.6,3.1,20.9,8,0.48,5065,59,54.90544671,-0.866025404,31.71240684
2020-10-02 00:00:00,4570,4,2020,FALSE,30.4,0,15.1,271.1,1005.3,3.5,20.9,8,0.5,4912.714286,-250,58.01054361,-0.866025404,31.46526703
2020-10-03 00:00:00,4327,5,2020,TRUE,29.3,0,13,271.5,1006.4,3.4,20.8,8,0.55,4745.571429,-243,53.42789003,-0.866025404,31.09336449
2020-10-04 00:00:00,4126,6,2020,TRUE,27.6,0,13,293.7,1007.4,3.2,20.9,8,0.58,4637.142857,-201,53.75062878,-0.866025404,29.38650208
2020-10-05 00:00:00,4316,0,2020,FALSE,28,0,22.3,288.5,1007,3.6,20.8,8,0.61,4548.142857,190,52.48234573,-0.866025404,29.69965761
2020-10-06 00:00:00,4155,1,2020,FALSE,28.5,0,14.7,264.6,1007.3,3.2,20.7,8,0.65,4439.285714,-161,53.53770465,-0.866025404,29.98688643
2020-10-07 00:00:00,4346,2,2020,FALSE,28.6,0,16.6,298.3,1009.2,3.5,20.5,8,0.68,4380,191,52.91697854,-0.866025404,30.22620334
2020-10-08 00:00:00,4328,3,2020,FALSE,28.8,0,10.3,279.6,1009.6,2.8,20.4,8,0.71,4309.714286,-18,56.67696167,-0.866025404,30.13278573
2020-10-09 00:00:00,4442,4,2020,FALSE,28.6,0,7.6,295.4,1009.7,2.9,20.1,8,0.75,4291.428571,114,56.6043661,-0.866025404,29.80026506
2020-10-10 00:00:00,4053,5,2020,TRUE,29,0,13,264.4,1008.4,2.8,19.7,8,0.75,4252.285714,-389,57.03259151,-0.866025404,30.11801454
2020-10-11 00:00:00,3824,6,2020,TRUE,28,0,14.7,272.5,1006.5,3.3,19.8,8,0.81,4209.142857,-229,55.52349953,-0.866025404,29.61756948
2020-10-12 00:00:00,4165,0,2020,FALSE,27.5,0,5.4,301.8,1005,2.7,19.5,8,0.85,4187.571429,341,56.81543422,-0.866025404,29.1442629
2020-10-13 00:00:00,4350,1,2020,FALSE,29.5,0,7.6,86.5,1005.9,2.5,18.3,7,0.88,4215.428571,185,64.90435995,-0.866025404,29.80026506
2020-10-14 00:00:00,4422,2,2020,FALSE,31,0,7.6,27.4,1007.3,2.1,16.5,7,0.91,4226.285714,72,65.15525042,-0.866025404,31.20426011
2020-10-15 00:00:00,4219,3,2020,FALSE,28,0,7.9,324.8,1008,2.7,18.7,8,0.95,4210.714286,-203,50.27994206,-0.866025404,30.14896024
2020-10-16 00:00:00,4094,4,2020,FALSE,26.1,0,7.6,281.7,1007.9,2.7,19.5,8,0.98,4161,-125,45.27935317,-0.866025404,28.39627001
2020-10-17 00:00:00,3772,5,2020,TRUE,25.5,0,5.4,327.9,1008.6,2.7,19.2,8,0,4120.857143,-322,52.92860333,-0.866025404,27.31896784
2020-10-18 00:00:00,3513,6,2020,TRUE,25.8,0,13,266.1,1008.6,2.6,19.2,8,0.05,4076.428571,-259,46.66369393,-0.866025404,27.80155841
2020-10-19 00:00:00,3853,0,2020,FALSE,25.3,0,16.6,291.6,1008.4,2.8,18.9,8,0.08,4031.857143,340,47.4729409,-0.866025404,27.24293687
2020-10-20 00:00:00,3808,1,2020,FALSE,24.2,0,8.5,302.5,1007.9,2.8,19.4,8,0.12,3954.428571,-45,46.86737391,-0.866025404,26.13288427
2020-10-21 00:00:00,3855,2,2020,FALSE,24.6,0,7.6,301.3,1009,2.9,17,8,0.15,3873.428571,47,49.17009181,-0.866025404,26.64127619
2020-10-22 00:00:00,3879,3,2020,FALSE,25,0,5.8,358.5,1007.9,2.2,16.6,8,0.18,3824.857143,24,52.82614935,-0.866025404,26.84129028
2020-10-23 00:00:00,3844,4,2020,FALSE,24.4,0,5.8,339.6,1007.4,2,18.3,8,0.25,3789.142857,-35,53.01390093,-0.866025404,26.1532217
2020-10-24 00:00:00,3510,5,2020,TRUE,23.7,0,13,262.6,1008.5,2.1,18.6,8,0.25,3751.714286,-334,50.17365086,-0.866025404,25.11934605
2020-10-25 00:00:00,3053,6,2020,TRUE,23.9,0,7.6,229.4,1010.9,2.1,18.2,8,0.29,3686,-457,58.5663447,-0.866025404,25.12028156
2020-10-26 00:00:00,3607,0,2020,FALSE,23.8,0,7.7,294.8,1012.3,2.1,15.5,6,0.32,3650.857143,554,53.55067448,-0.866025404,25.34879608
2020-10-27 00:00:00,3588,1,2020,FALSE,23.1,0,15.6,262.7,1012.2,2.2,18.3,8,0.35,3619.428571,-19,53.05000117,-0.866025404,24.29272179
2020-10-28 00:00:00,3508,2,2020,FALSE,22,0,7.6,296,1012.9,2,18.2,8,0.39,3569.857143,-80,54.17077887,-0.866025404,23.36528774
2020-10-29 00:00:00,3534,3,2020,FALSE,21.4,0,5.4,316.4,1013.9,1.6,18,8,0.42,3520.571429,26,53.33529745,-0.866025404,22.98389208
2020-10-30 00:00:00,3497,4,2020,FALSE,22,0,11.2,297,1013.6,1.9,18,8,0.45,3471,-37,52.10140805,-0.866025404,23.25844252
2020-11-02 00:00:00,3406,0,2020,FALSE,19.9,0,13,274.8,1014.8,2.2,18.1,8,0.56,3469.142857,262,50.83620584,-0.5,20.48643378
2020-11-03 00:00:00,3492,1,2020,FALSE,19.8,0,13,262.4,1014.3,2.3,17.9,8,0.59,3452.714286,86,55.44592773,-0.5,20.48643378
2020-11-04 00:00:00,3629,2,2020,FALSE,19.6,0,9.5,255.5,1012.9,1.5,17,7,0.63,3458.571429,137,57.596754,-0.5,20.26134783
2020-11-05 00:00:00,3498,3,2020,FALSE,20.2,0,10.6,265.4,1014.2,1.3,17.1,7,0.66,3457.142857,-131,54.42754746,-0.5,21.01110744
2020-11-06 00:00:00,3570,4,2020,FALSE,19.8,0,8.8,271,1017,1.5,17.1,7,0.69,3462.285714,72,56.53567748,-0.5,20.67835459
2020-11-07 00:00:00,3325,5,2020,TRUE,20.3,0,16.6,284.1,1018,1.3,17.1,7,0.73,3437.714286,-245,55.91589791,-0.5,20.77919286
2020-11-08 00:00:00,3382,6,2020,TRUE,19.5,0,7.6,286.3,1018.5,1,16.9,7,0.75,3471.714286,57,60.30249767,-0.5,20.32329846
2020-11-09 00:00:00,3497,0,2020,FALSE,18.8,0,7.6,281.2,1017,0.9,16.8,7,0.8,3484.714286,115,67.24917872,-0.5,19.38730176
2020-11-10 00:00:00,3507,1,2020,FALSE,18.9,0,9.4,91.4,1015.7,0.8,16.3,7,0.83,3486.857143,10,69.05260019,-0.5,19.31880247
2020-11-11 00:00:00,3538,2,2020,FALSE,19.7,0,11.2,70.1,1017.6,1.8,15.8,7,0.86,3473.857143,31,66.12864458,-0.5,20.12517277
2020-11-12 00:00:00,3451,3,2020,FALSE,20.2,0,7.6,40.8,1018.9,2,15.6,7,0.9,3467.142857,-87,63.71727661,-0.5,21.14229558
2020-11-13 00:00:00,3570,4,2020,FALSE,20.1,0,6.9,243.1,1017.5,1.8,15.9,7,0.93,3467.142857,119,63.69515469,-0.5,21.09661821
2020-11-14 00:00:00,2890,5,2020,TRUE,19.2,0,5.4,25.2,1015.2,1.1,15.9,7,0.97,3405,-680,70.47397354,-0.5,20.13186855
2020-11-15 00:00:00,2609,6,2020,TRUE,20.3,1,14.8,101.5,1014.4,1.2,13.7,6,0,3294.571429,-281,67.55662342,-0.5,20.62531575
2020-11-16 00:00:00,3185,0,2020,FALSE,20.5,0,15.1,86.7,1016.3,2.3,9,5,0.03,3250,576,79.33828406,-0.5,20.85561459
2020-11-17 00:00:00,3181,1,2020,FALSE,19.4,0,13,281.7,1014.9,2.3,13.9,6,0.07,3203.428571,-4,70.05574645,-0.5,19.63300258
2020-11-18 00:00:00,3414,2,2020,FALSE,17.8,0,9.4,283.5,1013.7,2.1,15.7,7,0.1,3185.714286,233,66.6004117,-0.5,18.01093441
2020-11-19 00:00:00,3398,3,2020,FALSE,17.3,0,9.4,287.6,1014.2,2.2,15.4,7,0.13,3178.142857,-16,62.20849556,-0.5,17.41644892
2020-11-20 00:00:00,3678,4,2020,FALSE,17,0,16.6,289.6,1015.6,2.2,15.8,7,0.17,3193.571429,280,60.49215154,-0.5,16.42859592
2020-11-21 00:00:00,3337,5,2020,TRUE,16,0,18.4,279.1,1016.1,2.1,15.9,7,0.2,3257.428571,-341,58.66348421,-0.5,15.1800576
2020-11-22 00:00:00,3400,6,2020,TRUE,15.3,0,14.2,287.7,1016.7,2.2,15.6,7,0.25,3370.428571,63,56.88600183,-0.5,14.5205941
2020-11-23 00:00:00,3570,0,2020,FALSE,15.7,0,9.4,346.4,1017,1.9,15.4,7,0.27,3425.428571,170,59.36869621,-0.5,15.51409537
2020-11-24 00:00:00,3588,1,2020,FALSE,16.3,0,9.4,166.8,1016.5,1.6,13.5,6,0.3,3483.571429,18,59.11215456,-0.5,16.22747795
2020-11-25 00:00:00,3693,2,2020,FALSE,17.4,0,11.2,69.7,1016.7,1.1,9,4,0.33,3523.428571,105,62.6487289,-0.5,17.35343414
2020-11-26 00:00:00,3593,3,2020,FALSE,19.2,0,11.2,333.2,1018.9,2.3,12.6,6,0.36,3551.285714,-100,63.05648291,-0.5,19.52262089
2020-11-27 00:00:00,3769,4,2020,FALSE,17.7,0,14.4,269.7,1020.6,2.8,15.1,7,0.4,3564.285714,176,63.55787825,-0.5,17.45214612
2020-11-28 00:00:00,3430,5,2020,TRUE,17.4,0,16.6,273.5,1019.7,2.5,15.3,7,0.43,3577.571429,-339,60.9944714,-0.5,16.925807
2020-11-29 00:00:00,3493,6,2020,TRUE,16.3,0,8,285.9,1018.3,2.6,15.1,7,0.46,3590.857143,63,60.32549638,-0.5,16.40637309
2020-11-30 00:00:00,3389,0,2020,FALSE,15.8,0,10.1,277.7,1017.3,2,14.6,7,0.5,3565,-104,63.55660931,-0.5,15.54853858
2020-12-01 00:00:00,3504,1,2020,FALSE,17,0,8,273.5,1017.4,1.5,14.5,6,0.53,3553,115,65.11739459,-0.5,17.2285342
2020-12-02 00:00:00,3693,2,2020,FALSE,17.5,0,14.8,277.3,1015.5,1.8,14.6,6,0.57,3553,189,61.83987849,-2.44929E-16,17.17650514
2020-12-03 00:00:00,3565,3,2020,FALSE,17.1,0,9.4,257.2,1014.4,1.7,14.4,6,0.6,3549,-128,65.13914961,-2.44929E-16,17.17865473
2020-12-04 00:00:00,3831,4,2020,FALSE,17.4,0,9.4,119.6,1013,1.5,14.2,6,0.64,3557.857143,266,65.20430587,-2.44929E-16,17.53534602
2020-12-05 00:00:00,3472,5,2020,TRUE,18.6,0,16.6,103.3,1013,1.3,14,6,0.67,3563.857143,-359,69.44611108,-2.44929E-16,18.41744024
2020-12-06 00:00:00,3492,6,2020,TRUE,19.4,0,9.4,141.8,1015.4,1.4,14.2,6,0.71,3563.714286,20,69.15110937,-2.44929E-16,19.91328796
2020-12-07 00:00:00,3648,0,2020,FALSE,17.6,0,11.2,262.3,1017.1,0.8,13.9,6,0.74,3600.714286,156,82.58270038,-2.44929E-16,17.59445489
2020-12-08 00:00:00,3594,1,2020,FALSE,17.9,0,9.4,324.9,1017.2,1.3,14,6,0.75,3613.571429,-54,70.22542337,-2.44929E-16,18.1298315
2020-12-09 00:00:00,3651,2,2020,FALSE,18.4,0,9.4,289,1015.4,1.9,14,6,0.81,3607.571429,57,67.60944203,-2.44929E-16,18.72431699
2020-12-10 00:00:00,3533,3,2020,FALSE,19,0,7.6,276.4,1015,1.9,13.4,6,0.85,3603,-118,66.41470677,-2.44929E-16,19.62130094
2020-12-11 00:00:00,3718,4,2020,FALSE,18.3,0,13,154.6,1014.9,1.7,12.2,6,0.88,3586.857143,185,74.06885953,-2.44929E-16,18.2918964
2020-12-12 00:00:00,3354,5,2020,TRUE,17.2,0,11.2,265.6,1015.2,1.1,8.9,4,0.92,3570,-364,88.031173,-2.44929E-16,17.11241339
2020-12-13 00:00:00,3580,6,2020,TRUE,14.5,0,14.8,295.8,1015.9,1.6,13.9,6,0.95,3582.571429,226,86.08119786,-2.44929E-16,13.48135092
2020-12-14 00:00:00,3807,0,2020,FALSE,13,0,13,304.6,1017.1,2.3,14.6,6,0,3605.285714,227,78.26131452,-2.44929E-16,11.95212172
2020-12-15 00:00:00,3941,1,2020,FALSE,11.7,0,11.2,304.7,1019.1,1.6,14.6,7,0.02,3654.857143,134,79.68312491,-2.44929E-16,10.7253635
2020-12-16 00:00:00,4196,2,2020,FALSE,10.7,0,13,277.2,1021,1.3,14.4,6,0.05,3732.714286,255,82.88038518,-2.44929E-16,9.513746843
2020-12-17 00:00:00,4284,3,2020,FALSE,7.8,0,18.4,276.5,1020.3,1.6,14.5,7,0.08,3840,88,85.52188061,-2.44929E-16,6.406607057
2020-12-18 00:00:00,4584,4,2020,FALSE,10.4,0,18.4,265.5,1018.5,2.4,14.4,6,0.12,3963.714286,300,61.60524385,-2.44929E-16,8.913307213
2020-12-19 00:00:00,4166,5,2020,TRUE,11.8,0,16.6,265.3,1019.1,2.2,14.4,6,0.15,4079.714286,-418,62.73223304,-2.44929E-16,10.46206298
2020-12-20 00:00:00,4077,6,2020,TRUE,12.7,0,14.8,277.2,1019.5,1.7,14,6,0.18,4150.714286,-89,62.87132629,-2.44929E-16,11.3874302
2020-12-21 00:00:00,4238,0,2020,FALSE,13.6,0,11.7,273.5,1017.4,1.6,12.3,6,0.21,4212.285714,161,68.00217052,-2.44929E-16,12.83326115
2020-12-22 00:00:00,4326,1,2020,FALSE,13.4,0,11.4,289.5,1016.2,1.2,14,6,0.25,4267.285714,88,68.87222956,-2.44929E-16,12.50773644
2020-12-23 00:00:00,4358,2,2020,FALSE,13.3,0,9.4,275.3,1015.4,1.1,14.4,6,0.28,4290.428571,32,73.19004887,-2.44929E-16,12.66056505
2020-12-24 00:00:00,4265,3,2020,FALSE,13.4,0,8,274.6,1015.9,0.9,14.5,6,0.31,4287.714286,-93,74.20362473,-2.44929E-16,13.00027709
2020-12-25 00:00:00,4418,4,2020,FALSE,13.1,0,14.8,298,1017,1.5,14.5,6,0.34,4264,153,71.21405122,-2.44929E-16,11.88011743
2020-12-26 00:00:00,4112,5,2020,TRUE,12.7,0,11.2,274.9,1016.1,1.5,14.4,6,0.37,4256.285714,-306,69.22209385,-2.44929E-16,11.80995688
2020-12-27 00:00:00,4061,6,2020,TRUE,14.4,0,20.5,136.3,1013.8,1.2,14.3,6,0.41,4254,-51,69.54179116,-2.44929E-16,12.89202927
2020-12-28 00:00:00,4313,0,2020,FALSE,13.1,0,14.7,308.9,1016.6,2.2,14.6,7,0.44,4264.714286,252,57.9189307,-2.44929E-16,11.76725026
2020-12-29 00:00:00,4385,1,2020,FALSE,10.1,0,14.8,282.5,1017.7,2,14.5,6,0.47,4273.142857,72,71.68024836,-2.44929E-16,8.554478632
2020-12-30 00:00:00,4671,2,2020,FALSE,9.1,0,11.2,283.3,1019.3,1.3,14.5,7,0.5,4317.857143,286,82.71919704,-2.44929E-16,8.194645622
2020-12-31 00:00:00,4665,3,2020,FALSE,9,0,9.4,257.9,1018.5,0.6,14.3,6,0.54,4375,-6,88.51840735,-2.44929E-16,7.904681174
2021-01-01 00:00:00,5021,4,2021,FALSE,10.2,0,11.2,89,1017.9,0.7,13.9,6,0.58,4461.142857,356,76.22605413,-2.44929E-16,8.676687123
2021-01-02 00:00:00,4315,5,2021,TRUE,13.4,1,16.6,92.9,1016.1,1.2,8.2,5,0.61,4490.142857,-706,76.23072097,0.5,11.95369622
2021-01-03 00:00:00,4096,6,2021,TRUE,13.9,1,16.6,83.2,1014.6,1.1,10.7,5,0.65,4495.142857,-219,89.49038914,0.5,12.57521007
2021-01-04 00:00:00,4489,0,2021,FALSE,16.2,1,18.4,350,1016.1,0.8,10.9,6,0.68,4520.285714,393,93.80186299,0.5,15.30539261
2021-01-05 00:00:00,4332,1,2021,FALSE,17.1,1,14.8,52.2,1015.5,1.7,9.6,5,0.72,4512.714286,-157,93.24647842,0.5,16.68381791
2021-01-06 00:00:00,4394,2,2021,FALSE,16.5,1,12.6,280.6,1015,1,10.7,5,0.75,4473.142857,62,95.024978,0.5,16.13365809
2021-01-07 00:00:00,4207,3,2021,FALSE,16.3,0,11.2,294.4,1015,1,11,5,0.79,4407.714286,-187,90.25458359,0.5,16.02782001
2021-01-08 00:00:00,4577,4,2021,FALSE,13.5,0,9.3,295.8,1014.7,1.1,11.4,5,0.82,4344.285714,370,92.45280362,0.5,12.91308371
2021-01-09 00:00:00,4157,5,2021,TRUE,14.6,0,11.2,279.7,1015.4,1.1,12.9,5,0.86,4321.714286,-420,90.13175358,0.5,13.97914363
2021-01-10 00:00:00,4223,6,2021,TRUE,10.7,0,16.6,279.8,1016.1,1.4,15.4,7,0.9,4339.857143,66,85.76403638,0.5,9.467640828
2021-01-11 00:00:00,4570,0,2021,FALSE,10.6,0,16.6,283.5,1016.6,1.4,15.2,7,0.93,4351.428571,347,85.16628889,0.5,9.219035289
2021-01-12 00:00:00,4691,1,2021,FALSE,10.4,0,16.2,290.1,1017,1.1,15.5,7,0.97,4402.714286,121,84.5141735,0.5,8.392917378
2021-01-13 00:00:00,4811,2,2021,FALSE,9.5,0,11.9,282.6,1016.1,1,15.6,7,0,4462.285714,120,82.74413739,0.5,8.329429081
2021-01-14 00:00:00,4840,3,2021,FALSE,11.2,0,7.6,292.2,1015.9,0.7,14.5,7,0.03,4552.714286,29,81.77611791,0.5,10.49533311
2021-01-15 00:00:00,4832,4,2021,FALSE,13.1,0,7.6,63.8,1014.4,0.7,15.1,7,0.07,4589.142857,-8,83.12415935,0.5,12.71832527
2021-01-16 00:00:00,4509,5,2021,TRUE,10.9,0,10.8,266.4,1013.2,0.5,13.6,7,0.1,4639.428571,-323,88.07672069,0.5,9.820793004
2021-01-17 00:00:00,4643,6,2021,TRUE,9.9,0,20.5,93.4,1015.5,0.6,13.6,7,0.13,4699.428571,134,89.8107105,0.5,7.708108329
2021-01-18 00:00:00,4789,0,2021,FALSE,14.1,1,13,91.1,1016.2,1,9.3,4,0.16,4730.714286,146,86.04085537,0.5,13.17130916
2021-01-19 00:00:00,4719,1,2021,FALSE,12.9,0,14.8,271.9,1014.2,0.6,15,7,0.19,4734.714286,-70,87.65023981,0.5,11.51060201
2021-01-20 00:00:00,4798,2,2021,FALSE,13,0,19.4,272.5,1014.5,0.8,15.9,7,0.23,4732.857143,79,82.59581226,0.5,11.58806322
2021-01-21 00:00:00,4634,3,2021,FALSE,14.1,0,20.5,269.2,1013.5,1.6,16.3,7,0.25,4703.428571,-164,71.88633713,0.5,12.63915508
2021-01-22 00:00:00,4922,4,2021,FALSE,11.2,0,11.5,85.9,1014.8,1,16.3,7,0.29,4716.285714,288,86.36362168,0.5,10.32159554
2021-01-23 00:00:00,4462,5,2021,TRUE,12.9,0,16.6,106.6,1013,0.9,15.6,7,0.32,4709.571429,-460,82.58341329,0.5,11.70509068
2021-01-24 00:00:00,4543,6,2021,TRUE,12.2,0,14.8,283.8,1016.1,0.7,14.8,6,0.35,4695.285714,81,92.38431608,0.5,10.77157116
2021-01-25 00:00:00,4834,0,2021,FALSE,11.6,0,13,299,1018.1,1.2,15.4,7,0.39,4701.714286,291,88.15583422,0.5,10.61101554
2021-01-26 00:00:00,3837,1,2021,FALSE,12.6,0,13.7,279.2,1017.6,1.5,16.5,7,0.42,4575.714286,-997,73.56222045,0.5,11.26156072
2021-01-27 00:00:00,4610,2,2021,FALSE,12.7,0,14.8,276.5,1017.2,1.9,16.8,7,0.45,4548.857143,773,72.13148938,0.5,11.51060201
2021-01-28 00:00:00,4591,3,2021,FALSE,12.3,0,9.4,315.6,1018.1,1.5,16.9,7,0.48,4542.714286,-19,71.548181,0.5,11.59049118
2021-01-29 00:00:00,4870,4,2021,FALSE,12.3,0,18.4,278.5,1018.5,1.4,17,7,0.5,4535.285714,279,75.02479262,0.5,10.41732731
2021-01-30 00:00:00,4405,5,2021,TRUE,12.2,0,17.8,270.8,1016.8,2,17.3,7,0.55,4527.142857,-465,69.16163967,0.5,10.72206827
2021-01-31 00:00:00,4379,6,2021,TRUE,13.2,0,9.4,247.5,1017.3,2.1,17.2,7,0.59,4503.714286,-26,62.96367514,0.5,12.54166795
2021-02-01 00:00:00,4442,0,2021,FALSE,16.4,0,11.3,268.3,1018.9,2,17,7,0.62,4447.714286,63,56.38976427,0.5,16.13813389
2021-02-02 00:00:00,4349,1,2021,FALSE,17.1,0,9.4,195.8,1017.3,1.4,17.2,7,0.66,4520.857143,-93,64.70635629,0.866025404,17.17865473
2021-02-03 00:00:00,4310,2,2021,FALSE,18.2,0,14.8,105.6,1015.6,1.6,16.6,7,0.7,4478,-39,73.09321959,0.866025404,18.03870779
2021-02-04 00:00:00,4116,3,2021,FALSE,16.5,1,15.7,33.1,1016.2,1.5,14.1,7,0.75,4410.142857,-194,86.84050198,0.866025404,15.87427588
2021-02-05 00:00:00,4486,4,2021,FALSE,14.3,0,11.2,287.5,1017.8,1.6,16.2,7,0.77,4355.285714,370,78.44130855,0.866025404,13.61761251
2021-02-06 00:00:00,4024,5,2021,TRUE,15,0,18.4,289,1018.1,1.9,17.9,7,0.8,4300.857143,-462,78.02672894,0.866025404,13.80137252
2021-02-07 00:00:00,3977,6,2021,TRUE,15,0,18.4,283.4,1017.8,1.7,17.9,8,0.84,4243.428571,-47,79.60581514,0.866025404,13.92670752
2021-02-08 00:00:00,4110,0,2021,FALSE,15.6,0,13,291.7,1017.8,1.6,18,8,0.87,4196,133,76.0799626,0.866025404,15.00009031
2021-02-09 00:00:00,4095,1,2021,FALSE,16.4,0,9.4,244.9,1014.8,1.6,17.8,8,0.91,4159.714286,-15,71.34101941,0.866025404,16.34637505
2021-02-10 00:00:00,4060,2,2021,FALSE,18.4,0,13,234.5,1012.7,1.9,18,8,0.95,4124,-35,68.50299584,0.866025404,18.41381514
2021-02-11 00:00:00,3870,3,2021,FALSE,16.9,0,16.6,283.7,1013.9,1.3,18.3,8,0.98,4088.857143,-190,78.82408684,0.866025404,16.30429315
2021-02-12 00:00:00,4126,4,2021,FALSE,18.1,0,11.2,282.5,1015.1,0.8,15.5,6,0,4037.428571,256,76.9782307,0.866025404,18.19700676
2021-02-13 00:00:00,3833,5,2021,TRUE,18.4,0,8.6,287.4,1015.4,1.3,18.2,8,0.05,4010.142857,-293,76.03401818,0.866025404,18.80671772
2021-02-14 00:00:00,3793,6,2021,TRUE,18.7,0,6.1,231.9,1014.5,1.6,18.5,8,0.08,3983.857143,-40,71.30230754,0.866025404,19.4594385
2021-02-15 00:00:00,3775,0,2021,FALSE,19.8,0,12.6,195.7,1012.7,2.1,17.6,8,0.11,3936,-18,71.04561225,0.866025404,20.14713861
2021-02-16 00:00:00,3780,1,2021,FALSE,20.6,0,7.6,30.8,1012.2,1.6,18.7,8,0.14,3891,5,72.11426805,0.866025404,21.49329434
2021-02-17 00:00:00,3732,2,2021,FALSE,18.9,0,9,277.2,1014.1,1.7,18.8,8,0.18,3844.142857,-48,70.41687,0.866025404,19.35726622
2021-02-18 00:00:00,3702,3,2021,FALSE,19.2,0,8.5,324.1,1016.8,1.8,18.8,8,0.21,3820.142857,-30,70.47397354,0.866025404,19.76139088
2021-02-19 00:00:00,3938,4,2021,FALSE,18.1,0,15.9,261.3,1019.2,1.6,19.2,8,0.24,3793.285714,236,75.00452804,0.866025404,17.84108226
2021-02-20 00:00:00,3618,5,2021,TRUE,18.2,0,11.9,265.3,1019.2,1.5,19.4,8,0.25,3762.571429,-320,72.61809739,0.866025404,18.25792526
2021-02-21 00:00:00,3570,6,2021,TRUE,18.6,0,15.2,255.3,1017.5,2,19.7,8,0.3,3730.714286,-48,72.67190817,0.866025404,18.38167106
2021-02-22 00:00:00,3701,0,2021,FALSE,19.4,0,15.1,259.9,1015.2,2.2,19.3,8,0.34,3720.142857,131,69.58269127,0.866025404,19.37519798
2021-02-23 00:00:00,3615,1,2021,FALSE,20.8,0,12.6,248.3,1012.9,2.5,19.6,8,0.37,3696.571429,-86,62.61641343,0.866025404,21.48496545
2021-02-24 00:00:00,3685,2,2021,FALSE,21.6,0,13.3,255.4,1011,2.8,20,8,0.4,3689.857143,70,60.00879873,0.866025404,22.42188605
2021-02-25 00:00:00,3580,3,2021,FALSE,22.8,0,16.5,250.5,1009.9,2.6,20,8,0.43,3672.428571,-105,63.81078136,0.866025404,23.39320012
2021-02-26 00:00:00,3840,4,2021,FALSE,23.7,0,16.6,255.2,1007.5,3.4,20.3,8,0.47,3658.428571,260,60.84090327,0.866025404,24.63257871
2021-02-27 00:00:00,3365,5,2021,TRUE,24.6,0,17.7,235.2,1007,3.4,20.4,8,0.5,3622.285714,-475,57.66431549,0.866025404,25.84946589
2021-02-28 00:00:00,3308,6,2021,TRUE,23.6,0,14.1,290.1,1010.3,3.4,20.4,8,0.53,3584.857143,-57,50.14715925,0.866025404,24.95930603
2021-03-01 00:00:00,3449,0,2021,FALSE,20.8,0,21.6,279.8,1014.4,3.2,21.5,9,0.57,3548.857143,141,55.64778878,0.866025404,21.06845961
2021-03-02 00:00:00,3494,1,2021,FALSE,20.9,0,26.5,263,1014.3,3.4,21.7,9,0.6,3531.571429,45,55.64778878,1,20.9008341
2021-03-03 00:00:00,3564,2,2021,FALSE,21.2,0,15.6,255.9,1012.4,3.1,21.5,9,0.64,3514.285714,70,54.65728282,1,21.8189625
2021-03-04 00:00:00,3509,3,2021,FALSE,22.9,0,9.7,268.1,1012,3,21.3,8,0.67,3504.142857,-55,52.65315721,1,24.29653551
2021-03-05 00:00:00,3701,4,2021,FALSE,22.6,0,19.3,270.3,1011.6,3,21.9,9,0.71,3484.285714,192,58.30254307,1,23.29738757
2021-03-06 00:00:00,3291,5,2021,TRUE,22.8,0,15.8,256.5,1010.8,3.1,21.8,9,0.75,3473.714286,-410,57.25156317,1,23.79071785
2021-03-07 00:00:00,3258,6,2021,TRUE,24.8,0,13,92.6,1009.5,2.8,21.5,8,0.78,3466.571429,-33,59.13329641,1,25.85085851
2021-03-08 00:00:00,3517,0,2021,FALSE,25.8,0,16.6,94,1010.6,2.4,21.1,8,0.82,3476.285714,259,62.77294674,1,26.62142303
2021-03-09 00:00:00,3651,1,2021,FALSE,27.1,1,16.6,93.9,1012.1,2.1,20.2,8,0.85,3498.714286,134,64.97027345,1,27.74014795
2021-03-10 00:00:00,3709,2,2021,FALSE,25.5,0,14.8,331.8,1012,3.1,19.2,8,0.89,3519.428571,58,59.2746145,1,26.5375625
2021-03-11 00:00:00,3631,3,2021,FALSE,26.1,0,13.8,112.6,1012.9,2.6,22,9,0.92,3536.857143,-78,59.79215188,1,27.29680668
2021-03-12 00:00:00,3681,4,2021,FALSE,24.7,1,27.7,104.8,1014.9,2.9,15.9,8,0.96,3534,50,51.34965763,1,25.65932865
2021-03-13 00:00:00,3352,5,2021,TRUE,23.9,1,11.2,300,1015.8,2.8,21.5,9,0,3542.714286,-329,57.15050854,1,25.3071189
2021-03-14 00:00:00,3251,6,2021,TRUE,23.8,0,17.7,268.5,1013.1,2.6,22.6,9,0.03,3541.714286,-101,58.23893387,1,24.97485712
2021-03-15 00:00:00,3546,0,2021,FALSE,24.3,0,18.4,266.8,1011.9,2.9,21.8,9,0.06,3545.857143,295,57.59184424,1,25.45752824
2021-03-16 00:00:00,3593,1,2021,FALSE,24.8,0,15.1,265.8,1012.1,2,23.1,9,0.09,3537.571429,47,58.82802009,1,26.16044081
2021-03-17 00:00:00,3612,2,2021,FALSE,25.3,0,14.8,270.8,1010.6,2.4,22,9,0.13,3523.714286,19,50.29575067,1,27.15342153
2021-03-18 00:00:00,3664,3,2021,FALSE,25.5,0,11.2,277.7,1011,2.3,20.9,9,0.16,3528.428571,52,47.52678262,1,27.59681603
2021-03-19 00:00:00,3684,4,2021,FALSE,26,0,14.8,285.1,1010.7,2.8,21,9,0.19,3528.857143,20,43.2879523,1,28.38513961
2021-03-20 00:00:00,3454,5,2021,TRUE,24.7,0,18.3,277,1009.3,2.8,23.3,9,0.22,3543.428571,-230,46.41950966,1,26.58745747
2021-03-21 00:00:00,3372,6,2021,TRUE,25.8,0,14.8,330.2,1008.5,3.1,22.7,9,0.25,3560.714286,-82,46.11545094,1,28.01562418
2021-03-22 00:00:00,3656,0,2021,FALSE,26.2,0,27.7,52.2,1011.8,2.9,21.2,9,0.29,3576.428571,284,45.25206231,1,27.99229081
2021-03-23 00:00:00,3612,1,2021,FALSE,24.8,0,24.1,2.2,1013.7,2.8,21.3,9,0.32,3579.142857,-44,47.85164272,1,25.97614495
2021-03-24 00:00:00,3626,2,2021,FALSE,25.1,0,20.5,282.9,1013.8,3.5,23.1,9,0.35,3581.142857,14,43.81260183,1,26.80010985
2021-03-25 00:00:00,3527,3,2021,FALSE,23.2,0,17.8,269,1013.4,3.5,24.4,9,0.39,3561.571429,-99,53.07574397,1,24.34714888
2021-03-26 00:00:00,3622,4,2021,FALSE,23.8,0,18.4,275.9,1011.5,3.1,24.4,9,0.42,3552.714286,95,52.20253064,1,25.08152322
2021-03-27 00:00:00,3453,5,2021,TRUE,26.4,0,42.3,251.3,1009.5,3.3,24.2,9,0.45,3552.571429,-169,54.10855431,1,27.48168053
2021-03-28 00:00:00,3157,6,2021,TRUE,27.6,0,10,206.8,1007,3.3,24.3,9,0.48,3521.857143,-296,45.65988335,1,30.01516045
2021-03-29 00:00:00,2831,0,2021,FALSE,29.8,0,18.4,153.5,1004.5,3.3,24.9,9,0.5,3404,-326,37.47243846,1,32.8522937
2021-03-30 00:00:00,3390,1,2021,FALSE,28.9,0,31.4,281.4,1000.8,2.3,25.5,10,0.55,3372.285714,559,35.37922489,1,32.02143448
2021-03-31 00:00:00,3610,2,2021,FALSE,27.1,0,21.3,278.6,1001.9,3.4,26,10,0.59,3370,220,30.3518453,1,29.95797258
2021-04-01 00:00:00,3549,3,2021,FALSE,26.1,0,22.8,274.7,1002.8,3.1,26.3,10,0.62,3373.142857,-61,21.15684063,1,28.93215628
2021-04-02 00:00:00,3508,4,2021,FALSE,24.9,0,12.4,273.3,1006.2,3.5,26.2,10,0.66,3356.857143,-41,25.20760995,0.866025404,27.44874884
2021-04-03 00:00:00,3383,5,2021,TRUE,25.1,0,16.4,305,1008.8,3.5,26.2,10,0.69,3346.857143,-125,19.85561851,0.866025404,27.61906761
2021-04-04 00:00:00,3292,6,2021,TRUE,26,0,18.3,258.9,1009.5,3.2,25.9,10,0.75,3366.142857,-91,23.84159957,0.866025404,28.9677763
2021-04-05 00:00:00,3735,0,2021,FALSE,28.9,0,13.4,132.2,1007.8,3.1,25.1,9,0.76,3495.285714,443,25.43311781,0.866025404,32.43802681
2021-04-06 00:00:00,3908,1,2021,FALSE,29.5,0,14.8,92.8,1006.2,2.4,24.2,9,0.8,3569.285714,173,28.47164118,0.866025404,33.06566828
2021-04-07 00:00:00,4040,2,2021,FALSE,28.7,0,18.4,325.8,1009,2.7,24.9,9,0.83,3630.714286,132,28.66351122,0.866025404,32.22561866
2021-04-08 00:00:00,3829,3,2021,FALSE,26.7,0,15.7,285.1,1009.1,3.2,26.4,10,0.87,3670.714286,-211,22.67296734,0.866025404,29.61062702
2021-04-09 00:00:00,3902,4,2021,FALSE,26.6,0,18.4,320.8,1009.8,3.5,26.3,10,0.9,3727,73,21.30998047,0.866025404,29.71891851
2021-04-10 00:00:00,3600,5,2021,TRUE,27.8,0,16.6,282.6,1011.2,3.4,26.7,10,0.94,3758,-302,20.03819226,0.866025404,31.34492827
2021-04-11 00:00:00,3524,6,2021,TRUE,28.1,0,18.4,288.2,1011.1,3.2,26.7,10,0.97,3791.142857,-76,20.13777098,0.866025404,31.84961364
2021-04-12 00:00:00,4061,0,2021,FALSE,28.8,0,18.4,277.5,1011.6,2.4,25.5,9,0,3837.714286,537,24.72342628,0.866025404,32.35095367
2021-04-13 00:00:00,4141,1,2021,FALSE,29.3,0,18.5,264.1,1010,2.8,24.8,10,0.04,3871,80,24.90854149,0.866025404,33.22929866
2021-04-14 00:00:00,4085,2,2021,FALSE,30.2,0,18.4,272.8,1008.7,3.3,24,10,0.07,3877.428571,-56,22.58657577,0.866025404,34.4816488
2021-04-15 00:00:00,4355,3,2021,FALSE,29.9,0,19.8,271.9,1007.5,2.9,25.7,10,0.11,3952.571429,270,21.33330866,0.866025404,34.25054702
2021-04-16 00:00:00,4372,4,2021,FALSE,28.1,1,37.1,228,1006.8,2.4,23.3,9,0.14,4019.714286,17,32.93126304,0.866025404,31.10691319
2021-04-17 00:00:00,3228,5,2021,TRUE,26.4,0,21.2,267.2,1009.5,3.1,24.6,10,0.17,3966.571429,-1144,49.30278649,0.866025404,28.43694965
2021-04-18 00:00:00,3347,6,2021,TRUE,27.7,0,16.6,270.4,1011.4,3.3,26,10,0.2,3941.285714,119,37.43157899,0.866025404,30.47480888
2021-04-19 00:00:00,3829,0,2021,FALSE,29,0,18.4,276,1007.3,2.9,26.9,10,0.24,3908.142857,482,29.72203963,0.866025404,32.60162368
2021-04-20 00:00:00,3481,1,2021,FALSE,27.3,0,37.1,3,1006.3,2.7,20.7,9,0.25,3813.857143,-348,32.49011587,0.866025404,30.04421268
2021-04-21 00:00:00,2998,2,2021,FALSE,25.9,0,16.6,259.4,1008.4,3.2,26,10,0.3,3658.571429,-483,45.76241074,0.866025404,27.74014795
2021-04-22 00:00:00,2997,3,2021,FALSE,27,0,16.6,87.2,1010.6,3.6,26.3,10,0.34,3464.571429,-1,42.94685326,0.866025404,29.35608396
2021-04-23 00:00:00,2907,4,2021,FALSE,26.3,1,24.1,68.1,1008.9,3,22.9,9,0.37,3255.285714,-90,43.2879523,0.866025404,28.28235808
2021-04-24 00:00:00,2757,5,2021,TRUE,25.9,0,22.3,313.2,1010.1,3.4,27.7,10,0.4,3188,-150,30.87464185,0.866025404,28.5538799
2021-04-25 00:00:00,2979,6,2021,TRUE,27.4,0,22.3,299.9,1009.8,3,27.8,10,0.44,3135.428571,222,29.22723541,0.866025404,30.33620078
2021-04-26 00:00:00,3261,0,2021,FALSE,28.9,0,18.4,272.8,1007.9,2.8,27.8,10,0.47,3054.285714,282,24.4670875,0.866025404,32.72695869
2021-04-27 00:00:00,3617,1,2021,FALSE,30.9,0,20.5,294.5,1006.8,2.3,26.9,10,0.5,3073.714286,356,25.16200433,0.866025404,35.2713953
2021-04-28 00:00:00,3871,2,2021,FALSE,32.1,0,22.3,290.3,1007.6,2.6,26.9,9,0.54,3198.428571,254,24.6180521,0.866025404,36.70163247
2021-04-29 00:00:00,3995,3,2021,FALSE,32.3,1,18.4,299.8,1007.4,2.5,26.5,10,0.57,3341,124,23.88615056,0.866025404,36.98834896
2021-04-30 00:00:00,4008,4,2021,FALSE,32.4,0,18.4,320.7,1007.4,2.6,25.8,10,0.61,3498.285714,13,27.40084011,0.866025404,36.73767894
2021-05-01 00:00:00,4067,5,2021,TRUE,32.8,0,22.3,100.1,1007.2,2.4,23.9,9,0.64,3685.428571,59,26.97070546,0.866025404,37.33817564
2021-05-02 00:00:00,4071,6,2021,TRUE,31.3,0,18.4,225.4,1007.4,2.8,20.9,9,0.67,3841.428571,4,29.34455581,0.5,35.35899386
2021-05-03 00:00:00,4226,0,2021,FALSE,31.6,0,18.4,263.6,1005.8,2.9,24.3,9,0.71,3979.285714,155,28.28687987,0.5,35.73499888
2021-05-04 00:00:00,4293,1,2021,FALSE,32.5,1,16.6,242,1004.4,3.2,24.3,10,0.75,4075.857143,67,29.01384584,0.5,36.44134182
2021-05-05 00:00:00,4514,2,2021,FALSE,32.7,0,20.5,100.3,1005.3,3,24.6,9,0.78,4167.714286,221,35.77725852,0.5,35.90358078
2021-05-06 00:00:00,4420,3,2021,FALSE,30.2,1,20.5,87.6,1007.3,3,24.4,9,0.81,4228.428571,-94,49.41092289,0.5,31.9840308
2021-05-07 00:00:00,3759,4,2021,FALSE,29,1,11.2,23.9,1009.4,3.2,25.1,9,0.85,4192.857143,-661,49.51387809,0.5,30.97110653
2021-05-08 00:00:00,3901,5,2021,TRUE,31.5,0,13,269.1,1007.9,3.6,24.8,9,0.88,4169.142857,142,36.48400841,0.5,34.75092681
2021-05-09 00:00:00,3861,6,2021,TRUE,31.7,1,18.4,117.4,1005.9,3.2,24.7,9,0.91,4139.142857,-40,41.04999295,0.5,34.23097879
2021-05-10 00:00:00,3990,0,2021,FALSE,30.7,1,20.5,91.8,1004.6,3.3,26.6,10,0.95,4105.428571,129,40.33831868,0.5,33.37483886
2021-05-11 00:00:00,4056,1,2021,FALSE,32,1,22.6,150.5,1003.2,3.4,25.5,10,0.98,4071.571429,66,37.03855726,0.5,35.30601292
2021-05-12 00:00:00,4060,2,2021,FALSE,30.9,0,27.7,357.6,1001.6,3.4,24.9,9,0,4006.714286,4,38.18234194,0.5,33.95430521
2021-05-13 00:00:00,3980,3,2021,FALSE,28.4,1,21.8,86.5,1003.6,3.2,23.9,9,0.05,3943.857143,-80,53.56287568,0.5,30.08317857
2021-05-14 00:00:00,3802,4,2021,FALSE,30.7,0,14.8,101.8,1003.5,3.6,26.2,10,0.08,3950,-178,44.89156034,0.5,33.06566828
2021-05-15 00:00:00,3761,5,2021,TRUE,30.3,0,29.5,7.7,1004.9,3.2,26.4,9,0.12,3930,-41,37.34137687,0.5,33.44901002
2021-05-16 00:00:00,4131,6,2021,TRUE,31.9,0,11.2,19.7,1006.1,3.5,27.7,10,0.15,3968.571429,370,29.28767349,0.5,35.79152154
2021-05-17 00:00:00,4216,0,2021,FALSE,32,0,14.8,201.7,1006.1,2.5,14.8,5,0.19,4000.857143,85,28.93270302,0.5,36.02179166
2021-05-18 00:00:00,4161,1,2021,FALSE,28.5,1,24.1,169.4,1006.5,3.1,7.7,5,0.22,4015.857143,-55,59.16120475,0.5,29.81983351
2021-05-19 00:00:00,3266,2,2021,FALSE,22.4,1,22.3,44.6,1004.5,1.7,3.5,1,0.25,3902.428571,-895,94.65774882,0.5,22.95230002
2021-05-20 00:00:00,2717,3,2021,FALSE,26.4,1,22.3,331.1,1002.3,2.5,16.3,9,0.25,3722,-549,78.04573617,0.5,26.51694176
2021-05-21 00:00:00,2783,4,2021,FALSE,27,1,22.3,110.6,1005.2,3.1,25.9,9,0.32,3576.428571,66,74.00407121,0.5,27.7900281
2021-05-22 00:00:00,2922,5,2021,TRUE,28.5,1,37.1,359.1,1005.1,3.6,24.3,10,0.36,3456.571429,139,54.24159404,0.5,30.04421268
2021-05-23 00:00:00,2855,6,2021,TRUE,28,0,22.3,279.8,1005.9,2.3,26.7,10,0.39,3274.285714,-67,55.89823643,0.5,29.69965761
2021-05-24 00:00:00,3227,0,2021,FALSE,29.2,0,27.7,293.4,1006,3.3,28.4,10,0.43,3133,372,42.15067087,0.5,32.01017008
2021-05-25 00:00:00,3601,1,2021,FALSE,31,0,20.5,302.1,1002.2,3.6,28.9,10,0.46,3053,374,29.48380257,0.5,35.1449582
2021-05-26 00:00:00,4063,2,2021,FALSE,31.5,0,20.5,308.8,1000.1,3.7,28.6,10,0.5,3166.857143,462,24.84378475,0.5,36.15645497
2021-05-27 00:00:00,4470,3,2021,FALSE,32.4,0,18.4,288,1000.2,3.5,28.6,10,0.53,3417.285714,407,30.88793611,0.5,36.1110039
2021-05-28 00:00:00,4851,4,2021,FALSE,34.9,0,18.4,134.9,1001.9,4,27.5,10,0.56,3712.714286,381,49.49614197,0.5,35.35899386
2021-05-29 00:00:00,4744,5,2021,TRUE,34.5,0,23.9,136.4,1003.4,4.2,26.9,9,0.59,3973,-107,48.88797526,0.5,35.45414553
2021-05-30 00:00:00,4505,6,2021,TRUE,32.9,1,28.8,133.6,1003.5,3.3,26.8,9,0.63,4208.714286,-239,50.08619698,0.5,33.83407385
2021-05-31 00:00:00,4959,0,2021,FALSE,34.1,1,9.9,180.9,1000.2,3.9,26.7,9,0.66,4456.142857,454,41.98380355,0.5,35.8649854
2021-06-01 00:00:00,4614,1,2021,FALSE,28,1,27.7,8.3,1003.9,2.9,21.3,8,0.69,4600.857143,-345,66.36014887,0.5,28.64033585
2021-06-02 00:00:00,4151,2,2021,FALSE,30.8,0,18.4,239.3,1004.6,3,24.5,8,0.75,4613.428571,-463,52.73546662,1.22465E-16,32.60162368
2021-06-03 00:00:00,4704,3,2021,FALSE,34.3,0,13,11.5,1005.3,3.3,24.8,9,0.76,4646.857143,553,50.31814847,1.22465E-16,34.75092681
2021-06-04 00:00:00,4617,4,2021,FALSE,33.8,1,29.1,80.7,1005.3,3.2,26.3,9,0.79,4613.428571,-87,57.04447542,1.22465E-16,33.96672241
2021-06-05 00:00:00,4061,5,2021,TRUE,32,1,20.4,101.9,1003.7,3.2,24.7,9,0.83,4515.857143,-556,58.96549232,1.22465E-16,32.74193737
2021-06-06 00:00:00,4980,6,2021,TRUE,34.6,0,11.2,260,1003.3,3.5,25.4,9,0.86,4583.714286,919,55.46769385,1.22465E-16,34.46590741
2021-06-07 00:00:00,5559,0,2021,FALSE,37.1,0,18.4,281.3,1001.1,3.4,24.5,9,0.89,4669.428571,579,45.29161658,1.22465E-16,37.615024
2021-06-08 00:00:00,5906,1,2021,FALSE,39.6,0,25.7,272.6,998.6,3.3,26.7,9,0.93,4854,347,41.75385667,1.22465E-16,40.11825672
2021-06-09 00:00:00,6329,2,2021,FALSE,41.3,0,18.3,257.5,997.2,3.1,25.4,9,0.96,5165.142857,423,40.25907055,1.22465E-16,41.11993034
2021-06-10 00:00:00,6499,3,2021,FALSE,42.1,1,18.4,114.2,997.6,3,22.1,8,0,5421.571429,170,58.84157811,1.22465E-16,37.86569401
2021-06-11 00:00:00,5880,4,2021,FALSE,36.8,1,18.4,103.1,997.4,3.2,21.8,8,0.03,5602,-619,64.15327051,1.22465E-16,34.60698381
2021-06-12 00:00:00,5726,5,2021,TRUE,37.5,1,27.7,110.2,999.1,3.4,22.7,8,0.06,5839.857143,-154,67.22306847,1.22465E-16,34.21352322
2021-06-13 00:00:00,5147,6,2021,TRUE,33.6,1,20.5,71.4,999.9,3.3,20.4,7,0.1,5863.714286,-579,70.60726309,1.22465E-16,31.8575937
2021-06-14 00:00:00,5712,0,2021,FALSE,37.1,0,14.8,218,997.6,3.4,24.9,9,0.13,5885.571429,565,58.05130191,1.22465E-16,35.40593262
2021-06-15 00:00:00,5844,1,2021,FALSE,36.6,0,23.3,146.8,994.7,3.3,23.2,9,0.17,5876.714286,132,59.3802125,1.22465E-16,35.0614167
2021-06-16 00:00:00,5292,2,2021,FALSE,34.6,1,14.8,67.5,997.8,3.4,19.5,8,0.2,5728.571429,-552,69.83477481,1.22465E-16,32.32663744
2021-06-17 00:00:00,5314,3,2021,FALSE,37.1,0,18.4,64,999.6,3.4,23.2,8,0.24,5559.285714,22,66.44214915,1.22465E-16,34.23097879
2021-06-18 00:00:00,5406,4,2021,FALSE,36.5,0,20.5,87.7,1000.5,2.9,21.3,8,0.25,5491.571429,92,70.0014469,1.22465E-16,33.50127595
2021-06-19 00:00:00,5076,5,2021,TRUE,35.4,0,18.4,43.3,1000.3,3.6,19.9,6,0.31,5398.714286,-330,69.50920334,1.22465E-16,32.97762871
2021-06-20 00:00:00,4996,6,2021,TRUE,34.7,1,15.7,53.2,1001,3.7,18.4,7,0.34,5377.142857,-80,76.79235627,1.22465E-16,31.83814342
2021-06-21 00:00:00,5713,0,2021,FALSE,38.1,0,13,47.9,1002,3.5,24,8,0.38,5377.285714,717,64.25823085,1.22465E-16,35.11668304
2021-06-22 00:00:00,5975,1,2021,FALSE,39.1,0,14.8,292.4,1001.2,3.3,24.8,9,0.41,5396,262,46.60527598,1.22465E-16,38.362056
2021-06-23 00:00:00,6351,2,2021,FALSE,37.8,0,18.4,9.3,1001.5,3.5,25.7,9,0.45,5547.285714,376,40.54780253,1.22465E-16,38.99370908
2021-06-24 00:00:00,6540,3,2021,FALSE,38.6,0,18.4,101.9,1001.5,2.9,24.5,9,0.48,5722.428571,189,62.00870439,1.22465E-16,35.35899386
2021-06-25 00:00:00,6088,4,2021,FALSE,35,1,27.7,273.8,1000.6,3.3,25.2,9,0.5,5819.857143,-452,50.44646594,1.22465E-16,35.63922232
2021-06-26 00:00:00,5726,5,2021,TRUE,35.1,1,22.1,279.2,1002.6,2.8,23.8,9,0.55,5912.714286,-362,58.19402096,1.22465E-16,34.40752036
2021-06-27 00:00:00,6096,6,2021,TRUE,38.9,0,13,54.6,1004.8,3.1,23.9,8,0.58,6069.857143,370,53.6329966,1.22465E-16,36.9454642
2021-06-28 00:00:00,6433,0,2021,FALSE,40.4,0,13,18.2,1003.5,3.3,25.5,9,0.61,6172.714286,337,51.94067007,1.22465E-16,38.04273289
2021-06-29 00:00:00,6592,1,2021,FALSE,40.9,0,24.1,290.1,1000.2,3.4,26.4,9,0.65,6260.857143,159,42.14567737,1.22465E-16,40.71028445
2021-06-30 00:00:00,6921,2,2021,FALSE,40.7,0,27.7,269.2,997.1,3.3,25.9,9,0.68,6342.285714,329,34.72400533,1.22465E-16,42.63810879
2021-07-01 00:00:00,7026,3,2021,FALSE,41.2,1,23.7,255.7,995.6,3.8,23,9,0.71,6411.714286,105,37.11605529,1.22465E-16,42.23219138
2021-07-02 00:00:00,7323,4,2021,FALSE,38,1,32.7,261.9,997.2,2.8,23.9,9,0.75,6588.142857,297,48.1617177,-0.5,37.93921198
2021-07-03 00:00:00,6169,5,2021,TRUE,36.5,0,22.3,268.6,1000.7,3.1,22.8,9,0.78,6651.428571,-1154,61.13442016,-0.5,34.66469433
2021-07-04 00:00:00,6024,6,2021,TRUE,37.3,0,20.5,283.9,1002.2,3.2,24.5,9,0.81,6641.142857,-145,53.16030782,-0.5,36.40932917
2021-07-05 00:00:00,6519,0,2021,FALSE,37.9,0,14.8,287,1002.6,3.5,24.1,8,0.84,6653.428571,495,49.30214494,-0.5,37.25350973
2021-07-06 00:00:00,6807,1,2021,FALSE,40.2,0,14.8,278.5,1000.9,3.5,21.6,9,0.88,6684.142857,288,49.8604555,-0.5,38.48522781
2021-07-07 00:00:00,7107,2,2021,FALSE,41.8,0,18.4,270.9,999.4,3.8,24.2,9,0.91,6710.714286,300,44.28244821,-0.5,40.62306418
2021-07-08 00:00:00,7261,3,2021,FALSE,40.6,1,22.3,286.6,999.3,3.5,21.8,8,0.94,6744.285714,154,43.13614354,-0.5,40.39358285
2021-07-09 00:00:00,6889,4,2021,FALSE,39.1,0,22.3,98.3,1000.7,3.5,22.6,8,0.97,6682.285714,-372,58.21422984,-0.5,36.4470152
2021-07-10 00:00:00,6671,5,2021,TRUE,42.6,0,18.4,92.8,1000.2,3.4,22.1,8,0,6754,-218,57.86701625,-0.5,38.24169903
2021-07-11 00:00:00,6568,6,2021,TRUE,42.9,0,22.3,101.3,1001.6,3.4,20.2,8,0.04,6831.714286,-103,64.21038731,-0.5,37.33817564
2021-07-12 00:00:00,6512,0,2021,FALSE,39.9,0,22.3,104.2,1003.6,2.7,18.6,7,0.08,6830.714286,-56,71.86892761,-0.5,34.79200296
2021-07-13 00:00:00,6097,1,2021,FALSE,36.9,1,15.5,89.8,1003.1,2.5,13,7,0.11,6729.285714,-415,87.45331841,-0.5,31.58998003
2021-07-14 00:00:00,5382,2,2021,FALSE,33,1,27.7,72.5,1002.8,3.1,13.4,6,0.15,6482.857143,-715,91.04830817,-0.5,30.19564396
2021-07-15 00:00:00,5690,3,2021,FALSE,37.7,0,16.6,59.9,1003,3.2,19.3,7,0.19,6258.428571,308,77.41326127,-0.5,33.20946981
2021-07-16 00:00:00,6349,4,2021,FALSE,44.5,0,16.6,87.7,1004.1,3.2,21.8,8,0.22,6181.285714,659,72.53540387,-0.5,36.44134182
2021-07-17 00:00:00,6363,5,2021,TRUE,42.9,0,13,124.6,1002,3.4,20.9,8,0.25,6137.285714,14,68.80154215,-0.5,36.33587048
2021-07-18 00:00:00,6047,6,2021,TRUE,40.3,1,18.4,176.1,999,3,13.5,6,0.29,6062.857143,-316,83.57939393,-0.5,33.35363373
2021-07-19 00:00:00,5397,0,2021,FALSE,27.7,1,13,196.6,999,2,1.2,0,0.33,5903.571429,-650,99.41104191,-0.5,28.0453959
2021-07-20 00:00:00,5032,1,2021,FALSE,32.9,1,18.4,98.9,998.9,1.9,12.5,5,0.36,5751.428571,-365,94.85606963,-0.5,29.5935835
2021-07-21 00:00:00,5296,2,2021,FALSE,36.6,0,11.1,54,997.6,3.1,17.9,8,0.4,5739.142857,264,84.44748522,-0.5,31.93449989
2021-07-22 00:00:00,5361,3,2021,FALSE,36.5,0,13,61.4,996.4,3.1,18.2,7,0.43,5692.142857,65,82.95491362,-0.5,31.82487696
2021-07-23 00:00:00,5583,4,2021,FALSE,39.7,0,14.8,119.8,997.9,3.7,13.9,7,0.47,5582.714286,222,82.11124547,-0.5,33.18884009
2021-07-24 00:00:00,5699,5,2021,TRUE,42.6,1,13,117.2,999,3.1,21,8,0.5,5487.857143,116,80.80330055,-0.5,34.38517058
2021-07-25 00:00:00,6051,6,2021,TRUE,43,0,14.8,123.4,998.4,3.7,21.3,8,0.54,5488.428571,352,74.13743366,-0.5,35.52910443
2021-07-26 00:00:00,5870,0,2021,FALSE,41.4,0,14.8,104.8,997.4,3.2,8,3,0.57,5556,-181,82.64085152,-0.5,33.68152732
2021-07-27 00:00:00,5607,1,2021,FALSE,36.3,1,16.6,273.2,995.8,2.3,5.6,3,0.6,5638.142857,-263,94.3357646,-0.5,30.72341442
2021-07-28 00:00:00,4907,2,2021,FALSE,29.7,1,14.8,255.6,997.1,2.3,4.7,3,0.63,5582.571429,-700,97.09394544,-0.5,28.50831141
2021-07-29 00:00:00,5020,3,2021,FALSE,34.7,1,16.6,251,997.8,3.1,7.6,5,0.67,5533.857143,113,92.13866836,-0.5,30.47480888
2021-07-30 00:00:00,4934,4,2021,FALSE,33,1,27.7,354.6,998.8,2.3,6.2,3,0.7,5441.142857,-86,94.30315413,-0.5,29.67720792
2021-07-31 00:00:00,4945,5,2021,TRUE,38,0,14.8,100.6,999,3.7,15.1,6,0.75,5333.428571,11,84.97692868,-0.5,32.32663744
2021-08-01 00:00:00,4825,6,2021,TRUE,35.5,1,14.8,123.6,998.5,3,18.1,7,0.76,5158.285714,-120,92.14980647,-0.5,30.72540395
2021-08-02 00:00:00,4906,0,2021,FALSE,36.5,1,18.4,7.6,998.9,2.4,12.9,7,0.8,5020.571429,81,91.09236612,-0.866025404,31.09760359
2021-08-03 00:00:00,5151,1,2021,FALSE,37.8,1,24.1,75.2,999.9,3.2,19.8,8,0.83,4955.428571,245,82.53623329,-0.866025404,32.63853846
2021-08-04 00:00:00,5232,2,2021,FALSE,38.5,0,18.4,98.1,1000.7,3.9,21.4,8,0.86,5001.857143,81,77.8865829,-0.866025404,33.35363373
2021-08-05 00:00:00,5459,3,2021,FALSE,39.4,0,18.4,72,1000.5,3.3,18.7,7,0.89,5064.571429,227,79.75858655,-0.866025404,33.47896874
2021-08-06 00:00:00,5766,4,2021,FALSE,39.9,0,9.4,62.5,1000.3,3.1,21.3,8,0.93,5183.428571,307,77.06035055,-0.866025404,33.94314539
2021-08-07 00:00:00,5531,5,2021,TRUE,37.9,1,13,48.8,1002.1,3.1,13.9,6,0.96,5267.142857,-235,86.96742984,-0.866025404,31.9467957
2021-08-08 00:00:00,5087,6,2021,TRUE,34.4,1,16.6,261.6,1003.5,2.7,15.7,8,0,5304.571429,-444,91.59246877,-0.866025404,30.35050611
2021-08-09 00:00:00,5183,0,2021,FALSE,36.1,0,13,103.6,1003.7,2.5,17.8,6,0.02,5344.142857,96,88.99225888,-0.866025404,31.33720198
2021-08-10 00:00:00,5575,1,2021,FALSE,38.6,0,22.3,246,1002,3.4,23.1,9,0.06,5404.714286,392,75.23270213,-0.866025404,33.90084252
2021-08-11 00:00:00,5758,2,2021,FALSE,38.2,0,25.9,278.2,1002.2,4.1,24.7,9,0.1,5479.857143,183,70.93306376,-0.866025404,34.19531646
2021-08-12 00:00:00,5961,3,2021,FALSE,39.3,0,20.5,274.6,1003.4,4.1,23.6,9,0.13,5551.571429,203,66.98020561,-0.866025404,35.1449582
2021-08-13 00:00:00,6039,4,2021,FALSE,39.7,0,18.4,275.9,1001.8,3.9,22.5,8,0.17,5590.571429,78,66.99996873,-0.866025404,35.23365885
2021-08-14 00:00:00,5953,5,2021,TRUE,38.6,0,18.7,271.8,999.8,4,22.2,8,0.2,5650.857143,-86,65.01074996,-0.866025404,35.1137658
2021-08-15 00:00:00,5846,6,2021,TRUE,38.1,0,18.4,272.7,1001.1,4.1,23,9,0.25,5759.285714,-107,62.73602804,-0.866025404,35.23365885
2021-08-16 00:00:00,6369,0,2021,FALSE,40.4,0,16.7,275.7,1004.3,3.9,22.8,9,0.28,5928.714286,523,64.02206534,-0.866025404,36.07089787
2021-08-17 00:00:00,6550,1,2021,FALSE,42.4,0,16.6,276.1,1004.1,3.7,22.6,8,0.31,6068,181,67.19672268,-0.866025404,36.44134182
2021-08-18 00:00:00,6511,2,2021,FALSE,40.9,0,14.8,286.6,1002.2,3.6,22.6,8,0.35,6175.571429,-39,64.06402828,-0.866025404,36.26813527
2021-08-19 00:00:00,6408,3,2021,FALSE,41,0,13,102.1,1001.2,3.2,20.3,8,0.38,6239.428571,-103,69.88032967,-0.866025404,35.36052053
2021-08-20 00:00:00,6096,4,2021,FALSE,32.6,1,18.4,96.1,1003.7,2.9,8,4,0.42,6247.571429,-312,91.56862864,-0.866025404,29.84425351
2021-08-21 00:00:00,4827,5,2021,TRUE,32.3,1,18.4,100.7,1005.3,2.6,7.4,4,0.46,6086.714286,-1269,95.40932036,-0.866025404,29.34291348
2021-08-22 00:00:00,4880,6,2021,TRUE,37.2,0,14.8,117.4,1005.2,3,13.4,6,0.5,5948.714286,53,86.95847417,-0.866025404,31.83395021
2021-08-23 00:00:00,5539,0,2021,FALSE,40.5,1,11.2,256.9,1002.8,3.3,18,7,0.52,5830.142857,659,85.0480336,-0.866025404,33.14029329
2021-08-24 00:00:00,5814,1,2021,FALSE,42.4,0,14.8,268.7,1001.5,3.3,10.3,6,0.56,5725,275,81.72766568,-0.866025404,34.17421455
2021-08-25 00:00:00,5828,2,2021,FALSE,40.6,0,28.2,239.2,999.6,3.5,22.3,9,0.59,5627.428571,14,69.44954798,-0.866025404,35.51642772
2021-08-26 00:00:00,5599,3,2021,FALSE,36,0,21.5,247.8,999,3.8,21.4,9,0.62,5511.857143,-229,65.96388691,-0.866025404,33.76508754
2021-08-27 00:00:00,5762,4,2021,FALSE,36.7,0,18.4,228.2,1001,3.9,19.2,8,0.65,5464.142857,163,65.62945435,-0.866025404,34.10564378
2021-08-28 00:00:00,5609,5,2021,TRUE,37.4,0,14.8,96,1001.8,3.6,16.9,7,0.69,5575.857143,-153,69.63980744,-0.866025404,33.80469913
2021-08-29 00:00:00,5341,6,2021,TRUE,38.1,0,14.8,112.7,1002.7,3.3,16.7,6,0.72,5641.714286,-268,81.58163357,-0.866025404,32.69615286
2021-08-30 00:00:00,5129,0,2021,FALSE,36.3,0,14.8,112.2,1005.8,3.5,18.4,8,0.75,5583.142857,-212,83.44637781,-0.866025404,31.83395021
2021-08-31 00:00:00,4947,1,2021,FALSE,30.2,1,14.8,103.3,1007.9,2.8,15.6,7,0.78,5459.285714,-182,95.95236403,-0.866025404,28.50831141
2021-09-01 00:00:00,4312,2,2021,FALSE,26.6,1,20.5,60.3,1007.4,2.6,7.4,4,0.81,5242.714286,-635,98.23442492,-0.866025404,27.17942114
2021-09-02 00:00:00,4724,3,2021,FALSE,32.9,1,13,96.8,1005.1,2.8,16.7,7,0.85,5117.714286,412,91.56265302,-1,29.75225831
2021-09-03 00:00:00,5204,4,2021,FALSE,34.9,1,14.8,144.4,1003.5,3.3,15.7,7,0.88,5038,480,82.9434603,-1,31.7107784
2021-09-04 00:00:00,4592,5,2021,TRUE,32.9,0,14.8,156.4,1003.4,3.5,12.4,5,0.91,4892.714286,-612,89.45023125,-1,30.23271672
2021-09-05 00:00:00,4836,6,2021,TRUE,38,1,11.4,185,1003.3,3.5,16.5,8,0.94,4820.571429,244,82.05156613,-1,32.53993286
2021-09-06 00:00:00,5528,0,2021,FALSE,41.8,1,10.8,103.5,1004.7,3.3,18.9,7,0.98,4877.571429,692,82.66397722,-1,33.85514752
2021-09-07 00:00:00,5548,1,2021,FALSE,38.5,1,16.6,95.2,1006,3.2,13.2,6,0,4963.428571,20,86.48603152,-1,32.33935043
2021-09-08 00:00:00,5257,2,2021,FALSE,36.2,0,18.4,89.9,1005.1,3.6,16.1,7,0.04,5098.428571,-291,83.44637781,-1,31.84961364
2021-09-09 00:00:00,5154,3,2021,FALSE,37.9,1,17.8,90.2,1003.9,3.3,14.3,8,0.08,5159.857143,-103,83.49088911,-1,32.34719621
2021-09-10 00:00:00,5150,4,2021,FALSE,34.4,1,20.5,85.6,1003.8,2.9,14.6,6,0.12,5152.142857,-4,90.52620322,-1,30.46678564
2021-09-11 00:00:00,4526,5,2021,TRUE,25.1,1,18.4,87.2,1003.9,2.1,6.5,4,0.15,5142.714286,-624,97.64158769,-1,26.4602083
2021-09-12 00:00:00,4055,6,2021,TRUE,30.5,1,18.4,110.2,1002.3,2.9,11.1,6,0.19,5031.142857,-471,94.26613313,-1,28.59090344
2021-09-13 00:00:00,4888,0,2021,FALSE,32.1,1,23.6,105,1002.5,2.6,12.6,6,0.22,4939.714286,833,93.19360661,-1,29.56596463
2021-09-14 00:00:00,4798,1,2021,FALSE,34.6,1,20.3,50.2,1004.7,3.1,17.8,7,0.25,4832.571429,-90,84.37350793,-1,31.09884609
2021-09-15 00:00:00,4909,2,2021,FALSE,36,0,18.4,120.1,1005.7,4.4,17.5,7,0.29,4782.857143,111,80.09836155,-1,32.22561866
2021-09-16 00:00:00,4580,3,2021,FALSE,28.3,1,11.2,135.1,1004.7,3.3,14.5,8,0.33,4700.857143,-329,93.68166339,-1,27.95834715
2021-09-17 00:00:00,4494,4,2021,FALSE,31.4,0,16.6,67.2,1003.7,3.7,11.5,5,0.37,4607.142857,-86,83.25525607,-1,29.72899227
2021-09-18 00:00:00,4307,5,2021,TRUE,34,0,14.8,93.8,1005.5,3.4,18,7,0.4,4575.857143,-187,84.85388717,-1,30.84857575
2021-09-19 00:00:00,4604,6,2021,TRUE,36.7,0,14.8,122.7,1007.2,3.8,16.6,7,0.44,4654.285714,297,79.65198985,-1,32.44980925
2021-09-20 00:00:00,5110,0,2021,FALSE,37.4,0,14.8,127.3,1006.3,3.5,18,7,0.47,4686,506,79.6787141,-1,32.69615286
2021-09-21 00:00:00,5305,1,2021,FALSE,36.8,1,14.8,126.5,1005.2,3.8,16.7,7,0.5,4758.428571,195,82.00361602,-1,32.08029383
2021-09-22 00:00:00,4692,2,2021,FALSE,31.4,1,15.5,106.7,1005,3.4,10.2,6,0.54,4727.428571,-613,89.40580223,-1,29.4883605
2021-09-23 00:00:00,4852,3,2021,FALSE,32.1,1,16.6,120,1006.5,3.4,15.7,7,0.57,4766.285714,160,86.30865994,-1,29.9775978
2021-09-24 00:00:00,4835,4,2021,FALSE,32.6,1,14.8,81.5,1007.5,3.4,14.8,7,0.61,4815,-17,84.81254814,-1,30.35588852
2021-09-25 00:00:00,4476,5,2021,TRUE,33.7,0,9.4,66.6,1006.3,3.2,18.2,8,0.64,4839.142857,-359,84.36289811,-1,30.97071796
2021-09-26 00:00:00,4305,6,2021,TRUE,32.9,0,14.8,73.7,1006.1,2.7,15.4,7,0.67,4796.428571,-171,87.87673202,-1,30.23271672
2021-09-27 00:00:00,4948,0,2021,FALSE,36,0,9.4,76.3,1006.5,2.9,18.2,7,0.7,4773.285714,643,81.52029126,-1,32.04079184
2021-09-28 00:00:00,5123,1,2021,FALSE,37.6,0,16.6,88.3,1007.1,3.6,17.9,7,0.74,4747.285714,175,78.76963569,-1,32.96086427
2021-09-29 00:00:00,5193,2,2021,FALSE,37.2,0,16.6,86.7,1008.5,3.9,18.2,8,0.75,4818.857143,70,78.74189216,-1,32.71225873
2021-09-30 00:00:00,5253,3,2021,FALSE,36.4,0,11.2,119.5,1009.7,3.4,17.4,7,0.8,4876.142857,60,80.09836155,-1,32.17621029
2021-10-01 00:00:00,5223,4,2021,FALSE,36.5,1,11.8,223,1009.2,3,17.2,7,0.83,4931.571429,-30,80.56110855,-1,32.06022177
2021-10-02 00:00:00,4991,5,2021,TRUE,37.6,0,14.8,291,1007.9,3.4,16.6,7,0.86,5005.142857,-232,78.76963569,-0.866025404,32.94249648
2021-10-03 00:00:00,5076,6,2021,TRUE,37.4,1,18.3,254.4,1005.9,3.7,17,7,0.9,5115.285714,85,77.82911553,-0.866025404,32.8514544
2021-10-04 00:00:00,5388,0,2021,FALSE,36,0,14.8,245.9,1005.7,3.9,18.2,8,0.93,5178.142857,312,70.40290333,-0.866025404,33.3120119
2021-10-05 00:00:00,5391,1,2021,FALSE,34.9,1,16.6,246.9,1008.2,3.6,15.9,7,0.96,5216.428571,3,73.27004437,-0.866025404,32.33935043
2021-10-06 00:00:00,5265,2,2021,FALSE,33.3,0,14.1,254.4,1008.6,3.5,17.8,7,0,5226.714286,-126,74.99458972,-0.866025404,31.95323864
2021-10-07 00:00:00,5013,3,2021,FALSE,31.9,0,16.6,281.9,1007.3,3.1,19.4,8,0.03,5192.428571,-252,72.66100015,-0.866025404,31.09632273
2021-10-08 00:00:00,4920,4,2021,FALSE,30,0,18.4,274.7,1006.2,3.4,19.3,8,0.06,5149.142857,-93,63.19063837,-0.866025404,31.2229386
2021-10-09 00:00:00,4586,5,2021,TRUE,29.8,0,14.8,266.9,1006.4,3.5,19.7,8,0.1,5091.285714,-334,56.61356799,-0.866025404,31.5876066
2021-10-10 00:00:00,4562,6,2021,TRUE,29.9,0,14.8,266.4,1007,3.7,19.4,8,0.13,5017.857143,-24,56.26322528,-0.866025404,31.5876066
2021-10-11 00:00:00,4745,0,2021,FALSE,30,0,11.2,295.2,1006.6,4.1,19.6,8,0.17,4926,183,53.27016652,-0.866025404,31.93518954
2021-10-12 00:00:00,4769,1,2021,FALSE,29.2,0,13,298.5,1006.9,3.5,19.5,8,0.21,4837.142857,24,54.83146494,-0.866025404,31.33720198
2021-10-13 00:00:00,4484,2,2021,FALSE,27.8,0,18.4,307.4,1007.9,3.2,19.9,8,0.25,4725.571429,-285,47.78226314,-0.866025404,30.09492353
2021-10-14 00:00:00,4234,3,2021,FALSE,25.7,0,20.5,290.1,1007.6,3.2,19.8,8,0.28,4614.285714,-250,49.43552161,-0.866025404,27.55873243
2021-10-15 00:00:00,3557,4,2021,FALSE,26.4,0,10.5,249.2,1005.5,3.2,19.2,8,0.31,4419.571429,-677,55.90786818,-0.866025404,28.09310204
2021-10-16 00:00:00,4157,5,2021,TRUE,28.1,0,7.6,302.5,1005.7,2.3,18.7,8,0.35,4358.285714,600,63.23349765,-0.866025404,29.33226671
2021-10-17 00:00:00,3841,6,2021,TRUE,25.9,1,27.7,65.1,1007.5,2.2,13,5,0.38,4255.285714,-316,86.5553592,-0.866025404,26.17776469
2021-10-18 00:00:00,3779,0,2021,FALSE,21.9,1,14.8,17.1,1006.6,2.9,2.9,2,0.42,4117.285714,-62,94.63808332,-0.866025404,22.59606466
2021-10-19 00:00:00,3710,1,2021,FALSE,25.6,0,20.5,280.6,1007.8,3.3,17.4,7,0.45,3966,-69,81.40096354,-0.866025404,25.91505018
2021-10-20 00:00:00,3820,2,2021,FALSE,25.4,0,16.6,267.4,1010.9,3,18.5,8,0.5,3871.142857,110,70.26305265,-0.866025404,26.62142303
2021-10-21 00:00:00,3772,3,2021,FALSE,24.6,0,18.3,281.2,1010.6,3.6,19,8,0.52,3805.142857,-48,51.7357928,-0.866025404,26.08633772
2021-10-22 00:00:00,3898,4,2021,FALSE,25.7,0,18.4,245.6,1010.7,3.8,18.5,8,0.55,3853.857143,126,59.32158112,-0.866025404,26.71087832
2021-10-23 00:00:00,3640,5,2021,TRUE,25.2,0,13,119.8,1012.4,3.5,18.1,8,0.59,3780,-258,63.54719777,-0.866025404,26.58237097
2021-10-24 00:00:00,3492,6,2021,TRUE,24,1,18.4,88.2,1013.9,3.1,13.9,7,0.62,3730.142857,-148,70.88470138,-0.866025404,24.8308532
2021-10-25 00:00:00,3570,0,2021,FALSE,22.4,0,18.4,305.5,1014.7,3.2,16.2,7,0.65,3700.285714,78,76.64936162,-0.866025404,22.95082808
2021-10-26 00:00:00,3547,1,2021,FALSE,22.3,0,18.4,278,1014,2.8,18.1,8,0.69,3677,-23,68.8127667,-0.866025404,22.82549308
2021-10-27 00:00:00,3537,2,2021,FALSE,22,0,14.8,260.9,1015.6,2.5,18,7,0.72,3636.571429,-10,65.75997484,-0.866025404,22.71923647
2021-10-28 00:00:00,3438,3,2021,FALSE,21.9,0,13,267.6,1015.7,2.9,18,8,0.75,3588.857143,-99,63.24784683,-0.866025404,22.68097117
2021-10-29 00:00:00,3583,4,2021,FALSE,22.5,0,9.4,318.5,1017,2.5,18,7,0.75,3543.857143,145,65.4451729,-0.866025404,23.59909796
2021-10-30 00:00:00,3276,5,2021,TRUE,22.3,0,16.6,287.2,1016.5,2.6,18,8,0.82,3491.857143,-307,61.32771578,-0.866025404,23.01664271
2021-10-31 00:00:00,3220,6,2021,TRUE,22.5,0,12.7,260,1014.4,2.8,17.7,7,0.85,3453,-56,62.97465639,-0.866025404,23.42624693
2021-11-01 00:00:00,3470,0,2021,FALSE,21.9,0,11.2,114.8,1013.8,2.9,17.3,7,0.88,3438.714286,250,56.68440631,-0.866025404,23.01742177
2021-11-02 00:00:00,3462,1,2021,FALSE,22.4,0,14.8,124.9,1015.1,2.7,16.9,7,0.91,3426.571429,-8,59.80839761,-0.5,23.33509551
2021-11-03 00:00:00,3421,2,2021,FALSE,22.5,0,9.4,110.1,1014.9,2.2,16.7,7,0.95,3410,-41,67.98050316,-0.5,23.48020086
2021-11-04 00:00:00,2759,3,2021,FALSE,21,0,9.4,274.2,1014.2,1.4,15.9,7,0.98,3313,-662,77.91515829,-0.5,21.81564151
2021-11-05 00:00:00,2744,4,2021,FALSE,20.6,0,9.4,263.7,1014,0.9,16.4,7,0,3193.142857,-15,77.85568031,-0.5,21.34005312
2021-11-06 00:00:00,2932,5,2021,TRUE,20.9,0,11.6,280.5,1012.6,1.1,17,7,0.05,3144,188,69.89174609,-0.5,21.5457462
2021-11-07 00:00:00,2945,6,2021,TRUE,20.9,0,11.2,284.7,1012.2,1.3,16.8,7,0.08,3104.714286,13,66.83128463,-0.5,21.69180764
2021-11-08 00:00:00,3313,0,2021,FALSE,20.9,0,12.3,306.3,1014.1,1.5,16.9,7,0.12,3082.285714,368,59.45353396,-0.5,21.6241527
2021-11-09 00:00:00,3339,1,2021,FALSE,21.3,0,13,305.2,1014.8,1.4,16.7,7,0.15,3064.714286,26,55.77337498,-0.5,22.07137745
2021-11-10 00:00:00,3460,2,2021,FALSE,21.5,0,10.6,278.2,1014.1,1.5,16.7,7,0.19,3070.285714,121,60.35343108,-0.5,22.33109098
2021-11-11 00:00:00,3339,3,2021,FALSE,19.4,0,9.4,281.8,1013.9,1.3,16.2,7,0.25,3153.142857,-121,69.15110937,-0.5,19.91328796
2021-11-12 00:00:00,3566,4,2021,FALSE,19.7,0,9.4,289.7,1014.2,0.9,16.2,7,0.25,3270.571429,227,73.35700791,-0.5,20.26997925
2021-11-13 00:00:00,3287,5,2021,TRUE,19.6,0,9.4,300.2,1014.1,1.3,16.2,7,0.29,3321.285714,-279,57.596754,-0.5,20.26997925
2021-11-14 00:00:00,3289,6,2021,TRUE,19.3,0,9.4,281.4,1013.2,1.8,16.1,7,0.32,3370.428571,2,51.65709987,-0.5,19.79439086
2021-11-15 00:00:00,3471,0,2021,FALSE,18.9,0,7.7,276,1012.5,1.6,16.1,7,0.36,3393,182,57.01742359,-0.5,19.49307471
2021-11-16 00:00:00,3539,1,2021,FALSE,18.6,0,11.2,282.6,1013.4,1.5,16.1,7,0.39,3421.571429,68,58.8773347,-0.5,18.79955864
2021-11-17 00:00:00,3575,2,2021,FALSE,18.1,0,9.4,63.7,1015.6,1.4,16,7,0.43,3438,36,59.94665259,-0.5,18.3676257
2021-11-18 00:00:00,3511,3,2021,FALSE,19.3,0,7.6,332.9,1014.2,1.7,15.6,7,0.46,3462.571429,-64,63.9139562,-0.5,19.9722997
2021-11-19 00:00:00,3625,4,2021,FALSE,19.2,0,11.2,277.3,1011.9,1.6,15.3,7,0.5,3471,114,64.7369232,-0.5,19.52262089
2021-11-20 00:00:00,3417,5,2021,TRUE,19.8,0,9.4,290.9,1012.4,1.7,11.6,6,0.53,3489.571429,-208,58.38953504,-0.5,20.38887634
2021-11-21 00:00:00,3494,6,2021,TRUE,19.3,0,14.4,301.9,1013.8,1.6,15.6,7,0.56,3518.857143,77,57.88188803,-0.5,19.41862425
2021-11-22 00:00:00,3538,0,2021,FALSE,18.9,0,24.1,283.8,1013.5,1.9,16.1,7,0.6,3528.428571,44,62.16216799,-0.5,18.41689077
2021-11-23 00:00:00,3552,1,2021,FALSE,18,0,13,281.1,1012.4,2.4,15.6,7,0.63,3530.285714,14,52.01346785,-0.5,17.92614016
2021-11-24 00:00:00,3617,2,2021,FALSE,18.2,0,9.4,93.4,1013.7,2.2,15.4,7,0.66,3536.285714,65,62.001471,-0.5,18.48652279
2021-11-25 00:00:00,3571,3,2021,FALSE,18.9,0,7.6,75.6,1014.9,1.8,15,7,0.7,3544.857143,-46,65.09837618,-0.5,19.50430135
2021-11-26 00:00:00,3831,4,2021,FALSE,19,0,7.6,36.4,1015,1.5,14.8,7,0.73,3574.285714,260,68.17624189,-0.5,19.62130094
2021-11-27 00:00:00,3460,5,2021,TRUE,17.7,0,11.2,96.4,1015.7,1.6,14.5,6,0.75,3580.428571,-371,75.42803409,-0.5,17.71496526
2021-11-28 00:00:00,3494,6,2021,TRUE,18.6,0,9.4,97,1017.5,1.4,14.2,6,0.8,3580.428571,34,79.57966202,-0.5,18.96211118
2021-11-30 00:00:00,3584,1,2021,FALSE,17.8,0,11.2,265.1,1017.1,1.7,14.2,6,0.86,3587,90,67.48620587,-0.5,17.83547564
2021-12-02 00:00:00,3690,3,2021,FALSE,16.6,1,13,244,1017.5,1.2,3.8,2,0.93,3623.142857,-42,88.54842781,-0.5,16.21927775
2021-12-03 00:00:00,3983,4,2021,FALSE,17.2,0,11.2,271.3,1017.8,1.3,8.2,4,0.96,3682,293,86.90663526,-2.44929E-16,17.11241339
2021-12-04 00:00:00,3608,5,2021,TRUE,18.5,0,11.2,250.5,1016.3,2,13.9,6,0,3650.142857,-375,72.20025859,-2.44929E-16,18.67904826
2021-12-05 00:00:00,3562,6,2021,TRUE,18.8,1,9.4,119.6,1016.5,2.4,12.2,6,0.03,3664.714286,-46,75.60810663,-2.44929E-16,19.19990538
2021-12-06 00:00:00,3656,0,2021,FALSE,19.3,0,14.8,297.9,1016.7,2,12.5,6,0.07,3687.857143,94,78.66335216,-2.44929E-16,19.39359767
2021-12-07 00:00:00,3641,1,2021,FALSE,17.5,0,16.6,271.8,1017.8,2.1,14.3,6,0.1,3696,-15,72.49196455,-2.44929E-16,17.05010977
2021-12-08 00:00:00,3784,2,2021,FALSE,16.4,0,13,271.7,1017.7,2.5,14.3,6,0.13,3703.428571,143,69.93504506,-2.44929E-16,15.97544026
2021-12-09 00:00:00,3695,3,2021,FALSE,16.3,0,11.2,273.3,1020.1,2.3,14.2,6,0.17,3704.142857,-89,74.21068124,-2.44929E-16,16.02782001
2021-12-10 00:00:00,3953,4,2021,FALSE,16.3,0,18.4,272.9,1020.2,2.1,14.2,6,0.2,3699.857143,258,70.85060211,-2.44929E-16,15.43072762
2021-12-11 00:00:00,3694,5,2021,TRUE,15.5,0,13,271.8,1019.2,2.5,14.2,6,0.25,3712.142857,-259,62.2118706,-2.44929E-16,14.87817157
2021-12-12 00:00:00,3673,6,2021,TRUE,15.2,0,9.4,279.1,1019.6,2.3,13.9,6,0.27,3728,-21,63.44356357,-2.44929E-16,15.03850699
2021-12-13 00:00:00,3825,0,2021,FALSE,14.9,0,9.4,140.3,1018.3,2.1,11.2,5,0.3,3752.142857,152,67.79035273,-2.44929E-16,14.5629186
2021-12-14 00:00:00,3883,1,2021,FALSE,15.1,0,9.4,110,1017.6,1.6,13.5,6,0.33,3786.714286,58,74.00283087,-2.44929E-16,14.80071279
2021-12-15 00:00:00,4011,2,2021,FALSE,15.2,0,16.6,320.7,1018.1,1.5,14.3,6,0.37,3819.142857,128,72.07179844,-2.44929E-16,14.19114607
2021-12-16 00:00:00,4000,3,2021,FALSE,14.6,0,13,341.3,1018.9,1.7,10.3,5,0.4,3862.714286,-11,69.11399265,-2.44929E-16,13.78090288
2021-12-17 00:00:00,4329,4,2021,FALSE,13.5,0,16.6,292.6,1020.5,1.8,14.6,7,0.44,3916.428571,329,68.00217052,-2.44929E-16,12.32660453
2021-12-18 00:00:00,4078,5,2021,TRUE,10.1,0,27.7,261.4,1020.4,1.5,14.4,6,0.47,3971.285714,-251,71.30044631,-2.44929E-16,8.162112485
2021-12-19 00:00:00,4137,6,2021,TRUE,10.4,0,16.6,265.1,1020,1.9,14.5,6,0.5,4037.571429,59,64.69868249,-2.44929E-16,9.09473252
2021-12-20 00:00:00,4418,0,2021,FALSE,11.6,0,11.2,265.5,1019,2.1,14.4,6,0.54,4122.285714,281,60.1169161,-2.44929E-16,10.84587388
2021-12-21 00:00:00,4385,1,2021,FALSE,13.2,0,9.4,282,1017.3,1.8,14.1,6,0.57,4194,-33,58.77998223,-2.44929E-16,12.66056505
2021-12-22 00:00:00,4468,2,2021,FALSE,13.9,0,16.6,186.6,1015.2,1.7,13.8,6,0.61,4259.285714,83,59.40978987,-2.44929E-16,12.94811838
2021-12-23 00:00:00,4363,3,2021,FALSE,14.5,0,13,103.8,1014.3,1.6,12.9,6,0.64,4311.142857,-105,66.81810267,-2.44929E-16,13.78090288
2021-12-24 00:00:00,4568,4,2021,FALSE,15.2,0,11.2,104.4,1014,1.3,13.6,6,0.67,4345.285714,205,74.02024109,-2.44929E-16,14.70220588
2021-12-25 00:00:00,4196,5,2021,TRUE,15.5,0,7.6,86.4,1016,1,13.7,6,0.71,4362.142857,-372,77.07699787,-2.44929E-16,15.52631537
2021-12-26 00:00:00,4103,6,2021,TRUE,15.7,1,11.2,94.7,1018,0.9,6.1,3,0.74,4357.285714,-93,87.90026669,-2.44929E-16,15.30475776
2021-12-27 00:00:00,4300,0,2021,FALSE,15.4,0,9.4,46.5,1019.4,1.4,13,6,0.75,4340.428571,197,78.60444584,-2.44929E-16,15.15740408
2021-12-28 00:00:00,4233,1,2021,FALSE,14.2,1,7.6,164.3,1018.5,1.4,8.7,5,0.81,4318.714286,-67,88.34601625,-2.44929E-16,14.00532074
2021-12-30 00:00:00,4292,3,2021,FALSE,11.9,0,9.4,323.7,1023.5,1.4,12.3,6,0.88,4293.571429,59,64.42920961,-2.44929E-16,10.99600569
2022-01-01 00:00:00,4487,5,2022,TRUE,11.8,0,9.4,278.4,1022.1,1.4,14.3,6,0.95,4311.285714,195,78.61062973,-2.44929E-16,10.99600569
2022-01-03 00:00:00,4521,0,2022,FALSE,13.8,0,13,266.3,1018.6,1.5,14.3,6,0,4289.285714,432,72.78749936,-2.44929E-16,12.80555293
2022-01-05 00:00:00,4318,2,2022,FALSE,13.7,1,22.3,114.9,1016.6,1.3,2.1,1,0.08,4347.142857,-172,91.25802651,0.5,11.87644888
2022-01-06 00:00:00,4319,3,2022,FALSE,15.2,0,14.8,105.3,1016.7,1.4,8.1,5,0.11,4359.428571,1,87.85616543,0.5,14.34355357
2022-01-07 00:00:00,4659,4,2022,FALSE,16.2,0,20.5,129.8,1016.3,1.7,7.1,4,0.15,4411.857143,340,89.66667959,0.5,15.167897
2022-01-08 00:00:00,3358,5,2022,TRUE,15.8,1,22.3,87.6,1015.7,1.5,3.2,2,0.18,4250.571429,-1301,96.84777486,0.5,14.54993019
2022-01-09 00:00:00,3808,6,2022,TRUE,13.8,1,16.6,268.8,1015.2,1.4,6.3,3,0.25,4210.428571,450,96.79924103,0.5,12.4509073
2022-01-10 00:00:00,4577,0,2022,FALSE,12.4,0,11.2,276,1017.9,1.4,11.3,5,0.25,4218.428571,769,91.78574794,0.5,11.44842575
2022-01-11 00:00:00,4543,1,2022,FALSE,11.2,0,16.6,276.5,1018,1.1,12,6,0.28,4226,-34,90.49841451,0.5,9.467640828
2022-01-12 00:00:00,4666,2,2022,FALSE,11.3,0,10.8,280.4,1017.5,1.1,12.9,6,0.31,4275.714286,123,87.5223843,0.5,10.30148009
2022-01-13 00:00:00,4616,3,2022,FALSE,11.4,0,5.4,303,1017.6,0.7,13,6,0.34,4318.142857,-50,90.49841451,0.5,11.23355514
2022-01-14 00:00:00,5104,4,2022,FALSE,10.5,0,11.2,288.3,1018.4,0.6,12.4,6,0.38,4381.714286,488,94.79266498,0.5,9.038218249
2022-01-15 00:00:00,4051,5,2022,TRUE,9.7,0,14.8,290.3,1020,1,13.7,6,0.41,4480.714286,-1053,94.13641323,0.5,7.938619595
2022-01-16 00:00:00,4163,6,2022,TRUE,10.3,0,9.4,293.3,1020.6,1.4,13.6,6,0.44,4531.428571,112,86.27329836,0.5,9.56924053
2022-01-17 00:00:00,4925,0,2022,FALSE,11.1,0,7.6,153.3,1021.2,1.3,11,5,0.48,4581.142857,762,88.08554922,0.5,10.49533311
2022-01-18 00:00:00,4946,1,2022,FALSE,10.2,0,14.8,265.9,1019.1,1.2,13.7,6,0.5,4638.714286,21,91.66721119,0.5,8.677650439
2022-01-19 00:00:00,5077,2,2022,FALSE,11.6,0,11.2,323,1016.1,1.2,12.6,6,0.54,4697.428571,131,88.73853156,0.5,10.7253635
2022-01-20 00:00:00,4836,3,2022,FALSE,12.5,0,13,126.4,1011.9,0.6,12.3,6,0.58,4728.857143,-241,91.19245532,0.5,11.46444674
2022-01-21 00:00:00,5081,4,2022,FALSE,13.4,0,9.3,157.6,1011.9,0.8,13.6,6,0.62,4725.571429,245,89.45148079,0.5,12.79428363
2022-01-22 00:00:00,3976,5,2022,TRUE,13,1,20.5,105.3,1007.5,1.1,5,3,0.65,4714.857143,-1105,94.26925505,0.5,11.12190993
2022-01-23 00:00:00,4191,6,2022,TRUE,12.6,1,20.5,136.5,1010,1.2,8.2,5,0.69,4718.857143,215,94.25180242,0.5,10.61616154
2022-01-24 00:00:00,4892,0,2022,FALSE,11.7,0,7.6,283.5,1014,1.3,13.6,6,0.72,4714.142857,701,92.96692663,0.5,11.08033105
2022-01-25 00:00:00,4973,1,2022,FALSE,9.7,0,13,259.2,1015.2,1,14.2,6,0.75,4718,81,94.13641323,0.5,8.172640661
2022-01-26 00:00:00,4225,2,2022,FALSE,11.1,0,14.8,290.2,1015.9,1.2,13,6,0.79,4596.285714,-748,91.70491521,0.5,9.416681283
2022-01-27 00:00:00,4773,3,2022,FALSE,12,0,18.4,291.8,1017,1.5,14.7,7,0.83,4587.285714,548,82.45871991,0.5,10.2919923
2022-01-28 00:00:00,5037,4,2022,FALSE,12.2,0,22.3,270,1016.9,2.3,15,7,0.86,4581,264,71.11852675,0.5,10.60336254
2022-01-29 00:00:00,4423,5,2022,TRUE,13.7,0,14.9,270.6,1017.1,2.2,14.9,7,0.9,4644.857143,-614,68.46614514,0.5,12.48612485
2022-01-30 00:00:00,4391,6,2022,TRUE,14.4,0,27.7,252.9,1012.5,2.1,15,7,0.93,4673.428571,-32,74.91038423,0.5,12.69842779
2022-02-01 00:00:00,4611,1,2022,FALSE,13.4,0,13,254.8,1011.6,0.8,14.9,7,0,4633.285714,220,88.27738011,0.5,12.31787795
2022-02-02 00:00:00,4718,2,2022,FALSE,14.7,0,14.8,218.2,1011.2,1.1,15.2,7,0.03,4596.857143,107,79.54904639,0.5,13.72769454
2022-02-03 00:00:00,4582,3,2022,FALSE,13,1,22.3,133,1007.3,2.1,9,5,0.07,4647.857143,-136,88.82980164,0.5,10.98528844
2022-02-04 00:00:00,4985,4,2022,FALSE,13,0,14.8,269.1,1009.3,1.6,11.5,6,0.1,4678.142857,403,86.5122464,0.5,11.75694562
2022-02-06 00:00:00,4326,6,2022,TRUE,14.1,0,10.6,141.5,1015.9,1.9,15.9,7,0.16,4618.571429,-391,65.81057048,0.866025404,13.4512017
2022-02-07 00:00:00,4420,0,2022,FALSE,17.4,0,9.4,140.5,1014.9,2.5,15.7,7,0.19,4622.714286,94,68.75448024,0.866025404,17.53534602
2022-02-08 00:00:00,4168,1,2022,FALSE,18.5,0,9.4,45.7,1013.2,2.3,15.2,7,0.25,4559.428571,-252,74.58573866,0.866025404,18.84321408
2022-02-09 00:00:00,4268,2,2022,FALSE,16.5,1,14.8,344,1015.2,1.9,13.1,6,0.26,4495.142857,100,82.98594896,0.866025404,15.94478707
2022-02-10 00:00:00,4200,3,2022,FALSE,15.7,0,18.4,215.2,1017.7,1.7,15.9,7,0.29,4440.571429,-68,70.73614382,0.866025404,14.67871757
2022-02-11 00:00:00,4345,4,2022,FALSE,15.4,0,26,199.5,1016.1,2.5,17,7,0.32,4349.142857,145,64.78888043,0.866025404,13.95452616
2022-02-12 00:00:00,4038,5,2022,TRUE,16,0,21,292.7,1014.6,2.5,17.2,7,0.36,4252.142857,-307,61.49056936,0.866025404,14.8835429
2022-02-13 00:00:00,3973,6,2022,TRUE,17.4,0,7.6,140.3,1013.4,2.5,17,7,0.39,4201.714286,-65,58.9809032,0.866025404,17.74930754
2022-02-14 00:00:00,3981,0,2022,FALSE,17.9,0,10.9,150.6,1013.4,2.5,16.9,7,0.42,4139,8,57.92457061,0.866025404,17.98324658
2022-02-15 00:00:00,3931,1,2022,FALSE,18.8,0,13,182.3,1013.4,2.8,16.9,7,0.45,4105.142857,-50,54.01559221,0.866025404,18.90149011
2022-02-16 00:00:00,4045,2,2022,FALSE,18.1,0,10.1,230.6,1011.3,2.2,17,7,0.5,4073.285714,114,64.07069361,0.866025404,18.29825765
2022-02-17 00:00:00,3858,3,2022,FALSE,18.4,0,8.6,186.3,1011.2,2.7,17.3,7,0.52,4024.428571,-187,59.22295067,0.866025404,18.80671772
2022-02-18 00:00:00,4028,4,2022,FALSE,19,0,13,297.1,1012.4,2.8,17.4,7,0.56,3979.142857,170,53.73122051,0.866025404,19.26724635
2022-02-19 00:00:00,3631,5,2022,TRUE,18.8,0,12.3,227.4,1013.8,2.8,17.5,8,0.59,3921,-397,58.53454758,0.866025404,18.95353381
2022-02-20 00:00:00,3856,6,2022,TRUE,17.9,0,21.6,246.6,1008.4,2.6,17.7,8,0.63,3904.285714,225,66.1825784,0.866025404,17.2591502
2022-02-21 00:00:00,3775,0,2022,FALSE,18,0,16.6,254.2,1008.3,3.4,18.2,8,0.66,3874.857143,-81,49.9300299,0.866025404,17.67162362
2022-02-22 00:00:00,3782,1,2022,FALSE,19.1,0,27.7,118,1010.1,3.2,17.6,8,0.7,3853.571429,7,55.93543209,0.866025404,18.53083318
2022-02-23 00:00:00,3883,2,2022,FALSE,19.2,0,22.3,130.9,1013.9,2.3,15.8,7,0.73,3830.428571,101,77.14836978,0.866025404,18.87842374
2022-02-24 00:00:00,3823,3,2022,FALSE,19.6,0,16.1,266.1,1015.6,2.2,14.7,6,0.75,3825.428571,-60,67.85401914,0.866025404,19.68800355
2022-02-25 00:00:00,3910,4,2022,FALSE,20.1,1,20.5,147.9,1016,2.4,17.6,8,0.81,3808.571429,87,67.51585748,0.866025404,20.09894376
2022-02-26 00:00:00,3676,5,2022,TRUE,18.4,1,27.7,121.2,1017.2,3.1,17.8,8,0.84,3815,-234,68.9536604,0.866025404,17.62357012
2022-02-27 00:00:00,3615,6,2022,TRUE,18.8,1,14.4,337.2,1018.4,5.8,18.5,8,0.88,3780.571429,-61,60.91654438,0.866025404,18.80409983
2022-02-28 00:00:00,3705,0,2022,FALSE,18.1,0,14.8,272.1,1016.7,3.3,18.9,8,0.91,3770.571429,90,57.58620365,0.866025404,17.91553599
2022-03-01 00:00:00,4040,1,2022,FALSE,18.3,0,12.3,208,1016.9,3,18.8,8,0.95,3807.428571,335,64.96835218,0.866025404,18.34657497
2022-03-02 00:00:00,3744,2,2022,FALSE,19.4,0,14.4,184.8,1016.6,2.5,18.8,8,0,3787.571429,-296,64.35700774,0.866025404,19.54152913
2022-03-03 00:00:00,3640,3,2022,FALSE,21.7,0,16.6,253.1,1015.3,3,18,8,0.02,3761.428571,-104,59.25650266,0.866025404,22.39512886
2022-03-04 00:00:00,3837,4,2022,FALSE,20.4,0,16.6,308.5,1016.2,2.9,18.8,8,0.05,3751,197,71.15735823,0.866025404,20.65489009
2022-03-05 00:00:00,3489,5,2022,TRUE,19.5,0,20.5,288.5,1014.9,3.1,19.4,8,0.08,3724.285714,-348,68.27685886,0.866025404,19.34032118
2022-03-06 00:00:00,3565,6,2022,TRUE,20.3,0,10.6,271.5,1013.8,3,16.2,7,0.11,3717.142857,76,66.68627975,1,20.89110893
2022-03-07 00:00:00,3628,0,2022,FALSE,22,0,11.2,147.4,1015,2.9,20,8,0.15,3706.142857,63,59.32780948,1,23.01742177
2022-03-08 00:00:00,3602,1,2022,FALSE,22.3,0,18.4,293.5,1014.3,2.6,18,7,0.18,3643.571429,-26,57.90139396,1,23.2014981
2022-03-09 00:00:00,3619,2,2022,FALSE,22.7,0,18.4,283,1013.2,3.1,19.6,8,0.21,3625.714286,17,48.34106667,1,23.95350815
2022-03-10 00:00:00,3597,3,2022,FALSE,22.7,0,21.1,266.5,1013.1,3.2,19.1,8,0.25,3619.571429,-22,53.29436467,1,23.62200395
2022-03-11 00:00:00,3742,4,2022,FALSE,22.6,0,22.3,278.8,1013.4,3,19.8,8,0.27,3606,145,60.63294408,1,23.33422592
2022-03-12 00:00:00,3547,5,2022,TRUE,22.9,0,22.3,242.8,1011.7,3.3,20.6,8,0.31,3614.285714,-195,55.11249026,1,23.84346045
2022-03-13 00:00:00,3389,6,2022,TRUE,24.4,0,16.6,259.3,1011.4,3.1,19.9,8,0.34,3589.142857,-158,58.01031379,1,25.75130364
2022-03-14 00:00:00,3598,0,2022,FALSE,25.7,0,14.8,274.5,1010.7,2.7,20.2,8,0.37,3584.857143,209,64.05660504,1,27.15342153
2022-03-15 00:00:00,3735,1,2022,FALSE,27.5,0,18.4,288.9,1008.1,2.9,20.1,8,0.4,3603.857143,137,65.13854957,1,28.71623844
2022-03-16 00:00:00,3881,2,2022,FALSE,28.1,0,24.4,281.1,1005.8,3,20.5,8,0.43,3641.285714,146,60.98532521,1,29.56218121
2022-03-17 00:00:00,3838,3,2022,FALSE,28.8,0,9.4,246.7,1006.5,2.8,20.7,8,0.47,3675.714286,-43,62.92970774,1,29.781747
2022-03-18 00:00:00,2902,4,2022,FALSE,29.8,0,14.5,128.9,1007.8,2.4,20.7,9,0.5,3555.714286,-936,68.2743403,1,30.35683852
2022-03-19 00:00:00,3451,5,2022,TRUE,29.5,0,11.2,146.4,1005.6,3,20.8,9,0.53,3542,549,59.69281011,1,30.73008578
2022-03-20 00:00:00,3568,6,2022,TRUE,28.9,0,13,188.5,1004.2,3.4,20.9,9,0.57,3567.571429,117,41.6401533,1,32.06871444
2022-03-21 00:00:00,4095,0,2022,FALSE,29.2,0,18.4,310.1,1006.4,2.7,21.4,9,0.61,3638.571429,527,50.17022946,1,31.09760359
2022-03-22 00:00:00,3979,1,2022,FALSE,28,0,25.9,295.5,1007.5,3.2,21.5,9,0.64,3673.428571,-116,46.65545498,1,30.45757352
2022-03-23 00:00:00,4014,2,2022,FALSE,27.5,0,13,285.4,1007.2,3,23.2,9,0.68,3692.428571,35,45.63279804,1,29.87417706
2022-03-24 00:00:00,4021,3,2022,FALSE,27.2,0,19.5,296.4,1005.7,3.6,23,9,0.71,3718.571429,7,37.59413786,1,30.09093741
2022-03-25 00:00:00,4208,4,2022,FALSE,27,0,18.4,284.7,1007.2,3.1,23.3,9,0.75,3905.142857,187,45.28573918,1,29.5935835
2022-03-26 00:00:00,3855,5,2022,TRUE,26.4,0,27.7,290.3,1008.9,4,23.7,9,0.79,3962.857143,-353,37.8393131,1,28.89955387
2022-03-27 00:00:00,3644,6,2022,TRUE,28.2,0,14.7,294.5,1008.2,12.1,24.1,9,0.82,3973.714286,-211,18.61316555,1,31.71036552
2022-03-28 00:00:00,4104,0,2022,FALSE,28.5,0,18.4,265.1,1007.6,3.6,24.1,9,0.86,3975,460,28.63619972,1,32.10028365
2022-03-29 00:00:00,4308,1,2022,FALSE,29.1,0,18.4,294,1005.8,3.2,24.1,9,0.89,4022,204,26.95751906,1,32.97762871
2022-03-30 00:00:00,4475,2,2022,FALSE,29.4,0,9.5,307.1,1006,3.6,24.1,9,0.93,4087.857143,167,29.07499168,1,33.11261979
2022-03-31 00:00:00,4648,3,2022,FALSE,29.9,0,13.2,90.5,1006.5,2.8,24.1,9,0.96,4177.428571,173,31.33146723,1,33.41277946
2022-04-01 00:00:00,4469,4,2022,FALSE,28.6,0,14.8,296.1,1007.1,3.7,25.2,9,0,4214.714286,-179,23.59312773,1,32.44980925
2022-04-02 00:00:00,4170,5,2022,TRUE,28.7,0,11.2,256.4,1008.3,3.5,25.2,10,0.03,4259.714286,-299,23.91865132,1,32.41723104
2022-04-03 00:00:00,4219,6,2022,TRUE,28.9,0,18.4,325.9,1007.5,3.9,25.3,10,0.06,4341.857143,49,20.50402624,1,32.97762871
2022-04-04 00:00:00,4537,0,2022,FALSE,28.9,0,18.4,285.6,1007.4,3.6,25.8,10,0.1,4403.714286,318,21.49807917,1,32.8522937
2022-04-05 00:00:00,4638,1,2022,FALSE,28.8,0,19.6,288.4,1010.5,3.9,25.3,10,0.13,4450.857143,101,21.64725351,1,32.86207761
2022-04-06 00:00:00,4762,2,2022,FALSE,29.3,0,18.4,285.2,1010.5,3.5,24.7,10,0.16,4491.857143,124,20.03983012,0.866025404,33.47896874
2022-04-07 00:00:00,4902,3,2022,FALSE,30,0,15.2,282.7,1009.6,3.8,25.7,10,0.19,4528.142857,140,22.40743022,0.866025404,34.30449435
2022-04-08 00:00:00,5036,4,2022,FALSE,30.5,0,18.4,290,1006.9,3.3,25.5,10,0.23,4609.142857,134,18.63509169,0.866025404,35.23365885
2022-04-09 00:00:00,4832,5,2022,TRUE,31.3,0,16.6,288.9,1005,3.5,25.7,10,0.25,4703.714286,-204,18.59270274,0.866025404,36.31703905
2022-04-10 00:00:00,4969,6,2022,TRUE,31.5,0,18.4,280.5,1004.4,3.4,25.9,10,0.29,4810.857143,137,17.68371293,0.866025404,36.86301395
2022-04-11 00:00:00,5460,0,2022,FALSE,31.9,0,18.4,268.1,1003.8,3.3,25.2,10,0.32,4942.714286,491,19.28170116,0.866025404,37.23901897
2022-04-12 00:00:00,5231,1,2022,FALSE,31,0,18.4,254,1004,3.7,19.2,8,0.35,5027.428571,-229,20.11747085,0.866025404,35.98566889
2022-04-13 00:00:00,5291,2,2022,FALSE,31.2,0,14.8,243.5,1003.3,3.6,25.6,10,0.39,5103,60,22.0083151,0.866025404,36.02179166
2022-04-14 00:00:00,5058,3,2022,FALSE,30.7,1,27.7,270.3,1003,3.4,25.2,9,0.42,5125.285714,-233,21.43875927,0.866025404,35.63922232
2022-04-15 00:00:00,5069,4,2022,FALSE,31.1,0,14.8,28.1,1002.9,3.6,25.7,10,0.45,5130,11,24.40909178,0.866025404,35.52910443
2022-04-16 00:00:00,5012,5,2022,TRUE,30.8,0,20.5,35.5,1002.5,3.5,25.7,10,0.48,5155.714286,-57,25.16200433,0.866025404,35.2713953
2022-04-17 00:00:00,5227,6,2022,TRUE,31.3,0,9.4,86.2,1003.4,3.5,25.4,10,0.5,5192.571429,215,24.29779133,0.866025404,35.60770474
2022-04-18 00:00:00,5640,0,2022,FALSE,32.1,0,9.4,324.4,1005.2,3.4,25.8,10,0.55,5218.285714,413,23.86027104,0.866025404,36.55888152
2022-04-19 00:00:00,5735,1,2022,FALSE,32.8,0,18.4,281.5,1006.9,3.2,25.5,9,0.59,5290.285714,95,22.23874697,0.866025404,37.99102902
2022-04-20 00:00:00,5761,2,2022,FALSE,32.3,0,19.8,283.6,1005.5,3.7,25.5,9,0.62,5357.428571,26,19.24650424,0.866025404,37.78080729
2022-04-21 00:00:00,5657,3,2022,FALSE,30.1,0,18.4,308.2,1006.8,2.7,17.5,8,0.66,5443,-104,27.25360284,0.866025404,34.35631379
2022-04-22 00:00:00,5354,4,2022,FALSE,30.3,1,27.7,287,1007.9,3.5,25.7,9,0.69,5483.714286,-303,26.56126831,0.866025404,34.60235025
2022-04-23 00:00:00,5091,5,2022,TRUE,30.2,0,18.4,286.8,1007.9,2.8,26.4,10,0.75,5495,-263,21.58147993,0.866025404,34.73231882
2022-04-24 00:00:00,5229,6,2022,TRUE,30.8,0,21,276.8,1006,2.9,26.1,10,0.77,5495.285714,138,21.31801006,0.866025404,35.65995514
2022-04-25 00:00:00,5589,0,2022,FALSE,32.2,0,46.4,285.9,1004.6,4.7,26.3,10,0.8,5488,360,20.4128808,0.866025404,38.01618402
2022-04-26 00:00:00,5681,1,2022,FALSE,31.8,0,16.6,293.8,1005.2,2.8,26.3,10,0.84,5480.285714,92,20.73337477,0.866025404,36.9385529
2022-04-27 00:00:00,5786,2,2022,FALSE,32.1,0,20.5,275.1,1004.8,2.9,26.9,10,0.87,5483.857143,105,19.33001961,0.866025404,37.54726303
2022-04-28 00:00:00,6050,3,2022,FALSE,32.9,0,18.4,268.8,1004.6,2.9,26.9,10,0.91,5540,264,19.76588591,0.866025404,38.36703404
2022-04-29 00:00:00,6197,4,2022,FALSE,33.7,0,16.7,270.1,1003.9,3.6,26.5,10,0.94,5660.428571,147,17.16003613,0.866025404,39.80177362
2022-04-30 00:00:00,6036,5,2022,TRUE,33.4,0,14.8,228.8,1001.2,3.7,26.6,10,0.98,5795.428571,-161,15.53922744,0.866025404,39.47060226
2022-05-01 00:00:00,6048,6,2022,TRUE,34,0,22.3,98.1,1000.3,3.2,26.7,10,0,5912.428571,12,30.98704035,0.866025404,37.5927929
2022-05-02 00:00:00,6247,0,2022,FALSE,35.5,0,22.3,99.9,1000.4,3.1,26.4,10,0.05,6006.428571,199,38.54695115,0.866025404,37.84741017
2022-05-03 00:00:00,6237,1,2022,FALSE,36.2,0,20.5,93,1003.2,2.8,26.4,9,0.08,6085.857143,-10,47.95322477,0.866025404,36.66220336
2022-05-04 00:00:00,6129,2,2022,FALSE,33.5,1,27.7,87.2,1005.6,3.3,25,9,0.11,6134.857143,-108,52.36105144,0.866025404,34.08391422
2022-05-05 00:00:00,5409,3,2022,FALSE,30.5,0,9.8,37.8,1006.2,3.1,26.4,10,0.14,6043.285714,-720,48.92338888,0.866025404,32.52140689
2022-05-06 00:00:00,5549,4,2022,FALSE,33.2,0,17.9,124.1,1005.5,2.5,24.2,9,0.18,5950.714286,140,41.84785706,0.5,35.47425731
2022-05-07 00:00:00,5519,5,2022,TRUE,33.4,0,11.2,60.2,1005,3.1,26.9,10,0.21,5876.857143,-30,33.33693141,0.5,36.63509417
2022-05-08 00:00:00,5833,6,2022,TRUE,34.5,0,18.4,102.7,1003.3,4,27.3,10,0.24,5846.142857,314,36.51351387,0.5,37.11368396
2022-05-09 00:00:00,6151,0,2022,FALSE,36.1,0,20.5,100.9,1003,3.5,27,10,0.25,5832.428571,318,43.31911378,0.5,37.42082594
2022-05-10 00:00:00,6270,1,2022,FALSE,36.5,0,22.3,108.8,1003.4,3.4,26.5,9,0.31,5837.142857,119,44.68261521,0.5,37.46548427
2022-05-11 00:00:00,6596,2,2022,FALSE,37.8,0,14.8,104.7,1001.4,3.4,26.5,9,0.34,5903.857143,326,42.99929716,0.5,38.23888419
2022-05-12 00:00:00,6800,3,2022,FALSE,38.8,0,16.6,114.5,999.7,3.4,26.6,10,0.37,6102.571429,204,38.7958031,0.5,39.92181937
2022-05-13 00:00:00,6829,4,2022,FALSE,38,0,18.4,76.5,997.4,3.7,27.4,10,0.41,6285.428571,29,41.53826131,0.5,38.86837407
2022-05-14 00:00:00,6720,5,2022,TRUE,37,0,18.3,275,997.6,3.3,27.9,10,0.44,6457,-109,22.97187168,0.5,41.62105009
2022-05-15 00:00:00,6732,6,2022,TRUE,36.1,0,20,270,998.7,3.7,27.8,10,0.47,6585.428571,12,18.65389596,0.5,41.44571266
2022-05-16 00:00:00,6688,0,2022,FALSE,35.5,0,20.6,247.4,998.9,2.9,22.1,10,0.5,6662.142857,-44,16.3776125,0.5,41.97692979
2022-05-17 00:00:00,6786,1,2022,FALSE,34.5,0,13,103.9,1000.1,3.1,27.6,10,0.54,6735.857143,98,29.04011245,0.5,38.16465163
2022-05-18 00:00:00,6665,2,2022,FALSE,36.1,0,27.7,100.9,1001.9,3.3,27.6,10,0.57,6745.714286,-121,29.74190877,0.5,40.17553762
2022-05-19 00:00:00,7070,3,2022,FALSE,36.7,0,14.8,107.7,1001.2,3.4,27.8,10,0.61,6784.285714,405,28.90849809,0.5,40.20963311
2022-05-20 00:00:00,6835,4,2022,FALSE,37.3,1,27.7,277.7,998.2,3.1,27.7,10,0.64,6785.142857,-235,26.27995758,0.5,41.73084573
2022-05-21 00:00:00,6433,5,2022,TRUE,34.2,1,26.9,167.7,996.1,2.4,23.8,10,0.68,6744.142857,-402,27.62111033,0.5,38.86012154
2022-05-22 00:00:00,6095,6,2022,TRUE,32.8,0,20.5,109.8,995.3,3.3,27.4,10,0.71,6653.142857,-338,41.29613481,0.5,35.3978324
2022-05-23 00:00:00,6052,0,2022,FALSE,26.6,1,40.7,104.3,998.7,3.1,24.8,9,0.75,6562.285714,-43,69.48922195,0.5,26.95754592
2022-05-24 00:00:00,4520,1,2022,FALSE,27.7,1,63,67.8,1004.5,3.5,27.4,10,0.78,6238.571429,-1532,72.67038606,0.5,27.63748262
2022-05-25 00:00:00,4822,2,2022,FALSE,31.2,0,13,212.1,1005.2,2.9,27.5,10,0.82,5975.285714,302,64.80002696,0.5,31.45912073
2022-05-26 00:00:00,5214,3,2022,FALSE,32.2,0,11.2,40.2,1003,3.2,27.6,10,0.85,5710.142857,392,55.56557299,0.5,33.26080366
2022-05-27 00:00:00,5811,4,2022,FALSE,34.5,0,28.2,135.5,999.8,3.1,26.9,9,0.89,5563.857143,597,47.15537254,0.5,35.77603247
2022-05-28 00:00:00,6239,5,2022,TRUE,38.3,0,13,144.9,998,3.2,26.7,9,0.92,5536.142857,428,45.67764738,0.5,37.92081415
2022-05-29 00:00:00,5972,6,2022,TRUE,38.2,0,14.8,154.3,998.2,3.1,28.1,10,0.96,5518.571429,-267,48.75448872,0.5,37.49985335
2022-05-30 00:00:00,6461,0,2022,FALSE,34.7,1,16.6,110.5,999.6,3.2,28,10,0,5577,489,57.13950043,0.5,34.32819474
2022-05-31 00:00:00,6173,1,2022,FALSE,35.2,0,9.4,205.6,999.8,2.9,28.9,10,0.03,5813.142857,-288,46.41716129,0.5,35.96439603
2022-07-01 00:00:00,5352,4,2022,FALSE,33.5,1,13,75,999.6,2.5,18.3,8,0.07,5888.857143,-821,87.88513906,0.5,30.36185203
2022-07-02 00:00:00,5684,5,2022,TRUE,37.3,1,15.3,129.5,997.5,7.1,17.7,9,0.11,5956,332,70.47582089,0.5,33.8122585
2022-07-03 00:00:00,5941,6,2022,TRUE,38.5,1,15.8,105.1,997.8,17.9,15.6,7,0.14,5974.571429,257,56.50856187,0.5,36.41969708
2022-07-04 00:00:00,6629,0,2022,FALSE,42.4,1,11.2,108.6,998.3,7.6,19.9,9,0.18,6030.285714,688,63.41195466,0.5,36.75560454
2022-07-05 00:00:00,7025,1,2022,FALSE,43.4,0,13.7,102.6,998.6,4.4,21.5,9,0.21,6180.714286,396,63.49661541,0.5,37.33753184
2022-07-06 00:00:00,7369,2,2022,FALSE,44.2,0,18.4,91.7,1001,3.8,26.2,9,0.24,6310.428571,344,61.75105983,-0.5,38.11636403
2022-07-07 00:00:00,7360,3,2022,FALSE,43.3,0,18.4,88.5,1002.8,3.7,26.1,9,0.25,6480,-9,58.58362208,-0.5,38.36703404
2022-07-08 00:00:00,7517,4,2022,FALSE,42,0,14.8,108.8,1000.4,3.6,25.3,9,0.31,6789.285714,157,53.62925401,-0.5,38.60839961
2022-07-09 00:00:00,7203,5,2022,TRUE,39.2,0,22.3,102.3,998.8,3.2,20.3,8,0.35,7006.285714,-314,66.18624782,-0.5,35.17392886
2022-07-10 00:00:00,6171,6,2022,TRUE,38.2,0,18.4,74.5,1000.4,3.7,6,3,0.38,7039.142857,-1032,73.03677481,-0.5,33.85497376
2022-07-11 00:00:00,6541,0,2022,FALSE,38.6,1,16.9,193.3,1000.9,3.3,26.3,9,0.41,7026.571429,370,66.94063133,-0.5,34.83097824
2022-07-12 00:00:00,6330,1,2022,FALSE,38,1,14.7,75.5,1000.5,2.9,17.1,9,0.45,6927.285714,-211,78.76963569,-0.5,32.94142202
2022-07-13 00:00:00,6358,2,2022,FALSE,39.2,0,13,92.5,998.5,3.4,20.8,9,0.48,6782.857143,28,71.83396753,-0.5,34.38517058
2022-07-14 00:00:00,6341,3,2022,FALSE,39.9,1,16.6,62.8,997.9,4.7,21.1,8,0.5,6637.285714,-17,66.24655229,-0.5,35.44691966
2022-07-15 00:00:00,6836,4,2022,FALSE,39.8,0,20.5,93.4,999.6,4,19.7,9,0.55,6540,495,62.16134618,-0.5,36.28289207
2022-07-16 00:00:00,6685,5,2022,TRUE,34.5,1,22.3,96.2,1000.9,3.1,15.3,8,0.58,6466,-151,79.11344799,-0.5,31.86390438
2022-07-17 00:00:00,6095,6,2022,TRUE,36.6,1,15.3,62.9,1002.8,3.2,22.1,8,0.62,6455.142857,-590,80.59963957,-0.5,32.45379073
2022-07-18 00:00:00,6930,0,2022,FALSE,42.9,0,13,65,1001.3,3.5,19.7,9,0.65,6510.714286,835,67.21631067,-0.5,36.45778922
2022-07-19 00:00:00,6833,1,2022,FALSE,42.2,1,17.1,114.2,999.9,3.4,18,9,0.68,6582.571429,-97,71.99081528,-0.5,35.58223868
2022-07-20 00:00:00,6573,2,2022,FALSE,36.7,1,22.3,260.9,999.8,4,17.8,9,0.75,6613.285714,-260,82.50115846,-0.5,32.24583028
2022-07-21 00:00:00,5821,3,2022,FALSE,34.3,1,11.2,343.6,1002.5,3.3,15.8,7,0.75,6539,-752,82.90903359,-0.5,31.33263766
2022-07-22 00:00:00,5723,4,2022,FALSE,37.5,1,15.4,58.8,1003.7,2.2,21.9,9,0.78,6380,-98,86.44896966,-0.5,31.83676865
2022-07-23 00:00:00,5542,5,2022,TRUE,37.4,1,18.4,93.8,1002.1,2.8,15.5,7,0.82,6216.714286,-181,84.46852832,-0.5,32.22561866
2022-07-24 00:00:00,5690,6,2022,TRUE,37.7,1,22.5,97.1,1001.9,3,19,8,0.85,6158.857143,148,81.56938855,-0.5,32.62898958
2022-07-25 00:00:00,5857,0,2022,FALSE,36.9,1,21.5,96.9,1004.1,3.3,14.8,6,0.88,6005.571429,167,79.19546703,-0.5,32.62272774
2022-07-26 00:00:00,5912,1,2022,FALSE,35.8,0,20.5,107.9,1005.3,3,14.5,7,0.92,5874,55,80.53536024,-0.5,31.8575937
2022-07-27 00:00:00,5990,2,2022,FALSE,37.4,0,16.6,111,1004.7,3.3,17.4,8,0.95,5790.714286,78,79.66535825,-0.5,32.58795597
2022-07-28 00:00:00,5749,3,2022,FALSE,34.6,1,11.2,164.1,1006,3.2,18.3,8,0,5780.428571,-241,85.8649368,-0.5,30.85059616
2022-07-29 00:00:00,5534,4,2022,FALSE,32.5,1,11.2,203.6,1005.5,3,16,8,0.02,5753.428571,-215,88.91528354,-0.5,30.12753391
2022-07-30 00:00:00,5015,5,2022,TRUE,34,1,16.6,251.7,1003.7,3,10.4,7,0.05,5678.142857,-519,86.86842125,-0.5,30.59911165
2022-07-31 00:00:00,5104,6,2022,TRUE,33.6,1,11.2,262.3,1001.2,3.3,20.2,9,0.09,5594.428571,89,83.36806447,-0.5,30.97110653
2022-09-01 00:00:00,6508,3,2022,FALSE,38.3,0,11.2,268.8,1005,5.3,12,5,0.18,5687.428571,1404,63.87468155,-0.5,35.06845929
2022-09-02 00:00:00,6471,4,2022,FALSE,37.5,1,13,248,1006.4,7,21,8,0.21,5767.285714,-37,61.2454806,-0.5,35.11668304
2022-09-03 00:00:00,6346,5,2022,TRUE,36.5,0,22.3,245.4,1004,5.1,22.9,9,0.25,5818.142857,-125,56.63694351,-0.5,35.42854613
2022-09-04 00:00:00,6386,6,2022,TRUE,36.4,0,16.2,234.8,1002.7,4.9,23,9,0.28,5909.142857,40,55.29948143,-0.5,35.43814623
2022-09-05 00:00:00,6472,0,2022,FALSE,35.9,0,13.2,269.1,1004.6,4.7,22.8,9,0.32,6043.142857,86,56.91073052,-0.5,34.87755856
2022-09-06 00:00:00,6506,1,2022,FALSE,35.7,0,14.8,292.1,1005.9,3.8,22.8,9,0.35,6256.142857,34,57.91100637,-1,34.66690178
2022-09-07 00:00:00,6532,2,2022,FALSE,36.4,0,11.2,311.8,1007.4,3.6,22.7,9,0.39,6460.142857,26,57.3051574,-1,35.06845929
2022-09-08 00:00:00,6652,3,2022,FALSE,37.5,0,9.4,50.7,1008.3,3.2,22.4,9,0.42,6480.714286,120,60.53434626,-1,35.13211635
2022-09-09 00:00:00,6687,4,2022,FALSE,38.3,0,16.6,97.4,1007.5,3.4,21.6,8,0.46,6511.571429,35,62.75759984,-1,35.3226169
2022-09-10 00:00:00,6545,5,2022,TRUE,39.3,0,14.8,106.1,1006.6,3,20.5,8,0.5,6540,-142,71.00478678,-1,34.54372997
2022-09-11 00:00:00,6338,6,2022,TRUE,37.7,0,13,106.9,1004.2,7.2,21.9,8,0.53,6533.142857,-207,60.17058797,-1,35.23860178
2022-09-12 00:00:00,6485,0,2022,FALSE,36.9,0,18.4,96.7,1003.1,3.8,16.8,8,0.56,6535,147,61.54902645,-1,34.85765382
2022-09-13 00:00:00,6284,1,2022,FALSE,33.8,1,18.4,90.7,1003.7,4.2,18.6,7,0.59,6503.285714,-201,68.62172919,-1,32.60162368
2022-09-14 00:00:00,5948,2,2022,FALSE,32.6,1,20.9,77.3,1004.3,3.3,11.9,6,0.62,6419.857143,-336,78.04905944,-1,30.71930963
2022-09-15 00:00:00,5237,3,2022,FALSE,28,1,14.9,61.2,1002.4,2.9,8.9,6,0.66,6217.714286,-711,92.58182741,-1,28.13729883
2022-09-16 00:00:00,4675,4,2022,FALSE,24.8,1,14.9,358,1000.4,2.4,7.5,8,0.69,5930.285714,-562,96.47298408,-1,26.16549738
2022-09-17 00:00:00,4765,5,2022,TRUE,32.3,0,11.2,283.8,1002.5,3.1,20.9,8,0.72,5676,90,80.41888599,-1,30.73008578
2022-09-18 00:00:00,5119,6,2022,TRUE,32.9,0,9.4,318.4,1005.6,3.1,21.3,8,0.75,5501.857143,354,71.91219426,-1,31.92189474
2022-09-19 00:00:00,5341,0,2022,FALSE,34.1,1,13,336.9,1005.9,2.9,20.9,8,0.79,5338.428571,222,75.86522034,-1,31.70295821
2022-09-20 00:00:00,5427,1,2022,FALSE,33.1,1,11.2,45.8,1005.8,3,16.8,8,0.82,5216,86,76.2435322,-1,31.09161691
2022-09-21 00:00:00,5266,2,2022,FALSE,29.2,1,16.6,67.7,1005.7,2.9,14,8,0.85,5118.571429,-161,86.74998951,-1,28.98317565
2022-09-22 00:00:00,4776,3,2022,FALSE,25.9,1,16.6,22.5,1005.2,2.4,3.7,3,0.88,5052.714286,-490,95.91382894,-1,26.87002857
2022-09-23 00:00:00,4647,4,2022,FALSE,25.5,1,13,57.1,1003.8,2.2,2.3,1,0.91,5048.714286,-129,98.2252684,-1,26.46045223
2022-09-24 00:00:00,4193,5,2022,TRUE,25.5,1,20.5,93,1002.1,2,5.9,6,0.95,4967,-454,97.06396573,-1,26.67367276
2022-09-25 00:00:00,4028,6,2022,TRUE,29.3,0,11.2,233,1005.1,3.5,19.3,8,0.98,4811.142857,-165,84.18092214,-1,28.92243016
2022-09-26 00:00:00,4726,0,2022,FALSE,31.3,0,13,307.1,1008.7,2.7,20.2,8,0,4723.285714,698,81.33449243,-1,30.23993329
2022-09-27 00:00:00,4805,1,2022,FALSE,31.2,0,11.2,282.8,1007.7,3.1,20.2,8,0.05,4634.428571,79,74.40072849,-1,30.85059616
2022-09-28 00:00:00,4959,2,2022,FALSE,32,0,13,288.3,1006.5,3,20.2,8,0.08,4590.571429,154,68.88408622,-1,31.58103947
2022-09-29 00:00:00,5051,3,2022,FALSE,31.6,0,14.8,301.8,1006.3,2.8,20.1,8,0.12,4629.857143,92,70.49754443,-1,31.09491937
2022-09-30 00:00:00,5100,4,2022,FALSE,31.9,0,13,291.1,1006.7,2.6,20,8,0.16,4694.571429,49,71.80642298,-1,31.21528324
2022-10-01 00:00:00,4723,5,2022,TRUE,31.5,0,13,302.1,1005.8,2.6,19.8,8,0.19,4770.285714,-377,68.86499187,-1,31.45912073
2022-10-02 00:00:00,4510,6,2022,TRUE,31.3,0,16.6,284.7,1006.1,3.5,19.4,8,0.23,4839.142857,-213,61.78982383,-1,31.96644212
2022-10-03 00:00:00,4856,0,2022,FALSE,30.2,0,24.4,283.7,1007.1,3.3,19.7,8,0.25,4857.714286,346,57.62862072,-1,31.35773257
2022-10-04 00:00:00,4990,1,2022,FALSE,31.2,0,11.2,288.2,1008.6,3.7,19.4,8,0.3,4884.142857,134,61.70103228,-1,31.45314804
2022-10-05 00:00:00,4697,2,2022,FALSE,31.5,0,9.4,69,1007.9,2.2,15.3,8,0.34,4846.714286,-293,69.2077751,-1,30.97071796
2022-10-06 00:00:00,4929,3,2022,FALSE,26.9,0,16.6,104.6,1009.2,3,16.5,7,0.37,4829.285714,232,77.68587618,-0.866025404,27.61584518
2022-10-07 00:00:00,4536,4,2022,FALSE,23.9,1,16.9,85.5,1009.9,10.6,1.6,1,0.41,4748.714286,-393,86.98233707,-0.866025404,24.99696824
2022-10-08 00:00:00,3848,5,2022,TRUE,22.5,1,18.4,79,1010.5,5.4,0.6,1,0.44,4623.714286,-688,96.41266573,-0.866025404,23.2014981
2022-10-09 00:00:00,3472,6,2022,TRUE,22,1,18.4,56.8,1010.1,1.6,0.1,0,0.48,4475.428571,-376,98.78690653,-0.866025404,22.57482306
2022-10-10 00:00:00,3827,0,2022,FALSE,22,1,14.8,70.6,1011.7,2.2,0.4,0,0.5,4328.428571,355,97.58672874,-0.866025404,22.71923647
2022-10-11 00:00:00,4007,1,2022,FALSE,25.7,1,9.4,146.9,1009.9,2.6,14,7,0.54,4188,180,86.53660587,-0.866025404,26.33373119
2022-10-12 00:00:00,4078,2,2022,FALSE,26,0,9.4,280.7,1011.2,2,18.3,8,0.58,4099.571429,71,80.48717769,-0.866025404,26.92821667
2022-10-13 00:00:00,4067,3,2022,FALSE,25.7,0,17.6,284.3,1012.3,3.6,18.4,8,0.61,3976.428571,-11,69.43203143,-0.866025404,26.85088272
2022-10-14 00:00:00,4102,4,2022,FALSE,25.8,0,13,287.6,1012.1,2.8,18.6,8,0.64,3914.428571,35,69.02067259,-0.866025404,27.07004595
2022-10-15 00:00:00,3772,5,2022,TRUE,26.1,0,13,292.6,1011.4,2.3,18.6,8,0.67,3903.571429,-330,66.96416382,-0.866025404,27.43580218
2022-10-16 00:00:00,3556,6,2022,TRUE,26.5,0,7.6,308.8,1013.4,6.7,18.1,8,0.71,3915.571429,-216,58.41608018,-0.866025404,28.04527125
2022-10-17 00:00:00,4086,0,2022,FALSE,26.5,0,10.2,269.1,1013.5,6.9,18.1,8,0.75,3952.571429,530,52.84552747,-0.866025404,28.33873938
2022-10-18 00:00:00,4079,1,2022,FALSE,25.8,0,7.6,248,1012.1,3.5,18.1,8,0.77,3962.857143,-7,51.3825657,-0.866025404,27.81127207
2022-10-19 00:00:00,4131,2,2022,FALSE,26.3,0,9.4,202.4,1011.7,3.1,17.7,7,0.8,3970.428571,52,47.99679502,-0.866025404,28.35498183
2022-10-20 00:00:00,4160,3,2022,FALSE,26,0,7.6,118.4,1013.4,3.1,17.6,7,0.83,3983.714286,29,50.45318892,-0.866025404,28.04527125
2022-10-21 00:00:00,4124,4,2022,FALSE,25.9,0,7.6,282,1015.7,2.7,17.3,7,0.87,3986.857143,-36,51.43446506,-0.866025404,28.04527125
2022-10-22 00:00:00,3804,5,2022,TRUE,25,0,13,279.2,1016.9,2.7,17.6,7,0.9,3991.428571,-320,53.88132429,-0.866025404,26.70428972
2022-10-23 00:00:00,3322,6,2022,TRUE,23.7,0,9.4,277.1,1015.8,2.5,17.6,7,0.93,3958,-482,51.50126377,-0.866025404,25.26365731
2022-10-24 00:00:00,3103,0,2022,FALSE,23.4,0,11.2,278.9,1011.1,2.2,17.3,7,0.96,3817.571429,-219,57.05290829,-0.866025404,24.8250774
2022-10-25 00:00:00,3297,1,2022,FALSE,23.6,0,16.6,274.4,1009.4,2.6,17.4,7,0,3705.857143,194,51.14026132,-0.866025404,24.88118425
2022-10-26 00:00:00,3128,2,2022,FALSE,23.9,0,7.6,274.5,1013.1,2.3,17.1,7,0.03,3562.571429,-169,57.54344283,-0.866025404,25.58827991
2022-10-27 00:00:00,3524,3,2022,FALSE,24.1,0,9.4,284.6,1013.2,2.3,16.9,7,0.06,3471.714286,396,55.77088015,-0.866025404,25.7392457
2022-09-28 00:00:00,3751,2,2022,FALSE,32,0,13,288.3,1006.5,3,20.2,8,0.08,3418.428571,227,68.88408622,-0.866025404,31.58103947
2022-10-29 00:00:00,3556,5,2022,TRUE,23.8,0,9.2,278.1,1014.4,1.8,16.9,7,0.14,3383,-195,64.48039669,-0.866025404,25.15426488
2022-10-30 00:00:00,3289,6,2022,TRUE,23.3,0,9.4,265.5,1014.6,2,16.3,7,0.17,3378.285714,-267,59.61143831,-0.866025404,24.55027473
2023-02-01 00:00:00,4667,2,2023,FALSE,14,0,18.4,269.2,1017.8,1.5,15.6,7,0.35,3601.714286,1378,80.00810034,-0.866025404,12.79869245
2023-02-02 00:00:00,4451,3,2023,FALSE,15.7,0,18.4,265.9,1016.5,2.3,15.7,7,0.38,3766.571429,-216,63.98680562,-0.866025404,14.80405258
2023-02-03 00:00:00,4640,4,2023,FALSE,16.2,0,14.8,269.7,1016.4,2.5,15.6,7,0.42,3982.571429,189,64.94269916,-1,15.57527165
2023-02-04 00:00:00,4162,5,2023,TRUE,17.2,0,18.4,264.9,1014,2.3,15.7,7,0.45,4073.714286,-478,62.18547416,-0.866025404,16.55874269
2023-02-05 00:00:00,4257,6,2023,TRUE,17.5,0,14.8,262.9,1012.7,2.4,16.2,7,0.5,4146,95,62.25448321,-0.866025404,17.17650514
2023-02-06 00:00:00,4139,0,2023,FALSE,19.6,0,9.6,137.4,1011.8,2.8,15.8,7,0.52,4229.285714,-118,61.12652007,0.866025404,20.25279239
2023-02-07 00:00:00,4097,1,2023,FALSE,18.4,0,17.3,275.3,1011.7,2.3,16.2,7,0.55,4344.714286,-42,65.42031962,0.866025404,18.12648729
2023-02-08 00:00:00,4197,2,2023,FALSE,16.9,0,17.3,271.1,1014.1,2.8,16.5,7,0.59,4277.571429,100,56.90089484,0.866025404,16.25576419
2023-02-09 00:00:00,4026.3,3,2023,FALSE,19.2,0,11.2,185.7,1012.6,2.6,16.2,7,0.62,4216.9,-170.7,54.87472711,0.866025404,19.64313127
2023-02-10 00:00:00,4100,4,2023,FALSE,21,0,9.6,121.4,1011.3,3,16.2,7,0.65,4139.757143,73.7,56.46139831,0.866025404,22.03912101
2023-02-11 00:00:00,3844,5,2023,TRUE,20.1,0,17.3,271.4,1013.6,2,16.6,7,0.69,4094.328571,-256,72.48876582,0.866025404,20.24664013
2023-02-12 00:00:00,3876,6,2023,TRUE,17.3,0,23.8,277.1,1017.9,2.6,17.3,7,0.72,4039.9,32,45.46995903,0.866025404,16.38195005
2023-02-13 00:00:00,3990,0,2023,FALSE,15.1,0,29.7,270.5,1016.1,3.3,17.5,7,0.75,4018.614286,114,38.7304711,0.866025404,13.76521027
2023-02-14 00:00:00,4036,1,2023,FALSE,17.2,0,18.4,267.3,1015.9,3.4,17.2,7,0.79,4009.9,46,39.50354947,0.866025404,16.55874269
2023-02-15 00:00:00,4113,2,2023,FALSE,18.5,0,16.6,262.8,1013.4,2.9,17.3,7,0.83,3997.9,77,49.41562274,0.866025404,18.41744024
2023-02-16 00:00:00,3958,3,2023,FALSE,19.8,0,7.6,277.4,1014.9,2,17.3,7,0.86,3988.142857,-155,65.71972997,0.866025404,20.55729764
2023-02-17 00:00:00,4085,4,2023,FALSE,21.1,0,10.1,140.4,1016,1.5,17.7,7,0.9,3986,127,69.0381396,0.866025404,21.88484773
2023-02-18 00:00:00,3944,5,2023,TRUE,20.9,0,11.2,275.7,1015.4,1.6,17.6,8,0.93,4000.285714,-141,66.40122606,0.866025404,21.69180764
2023-02-19 00:00:00,3637,6,2023,TRUE,21.6,0,9,192.2,1014.3,2,17.4,7,0.96,3966.142857,-307,64.85616431,0.866025404,22.67536822
2023-02-20 00:00:00,3743,0,2023,FALSE,23.1,0,13,119.7,1011.3,2.5,16.7,7,0,3930.857143,106,56.24658087,0.866025404,24.38783359
2023-02-21 00:00:00,3770,1,2023,FALSE,22.8,0,13,242.2,1010.7,2.6,18.2,8,0.03,3892.857143,27,64.67691426,0.866025404,23.77823987
2023-02-22 00:00:00,3914,2,2023,FALSE,21.3,0,10.1,280.3,1012.8,3.2,16.8,7,0.06,3864.428571,144,66.8931686,0.866025404,22.12395374
2023-02-23 00:00:00,3716,3,2023,FALSE,20.8,0,16.6,266.7,1013,2.6,19,8,0.1,3829.857143,-198,54.94277281,0.866025404,21.40070671
2023-02-24 00:00:00,3949,4,2023,FALSE,20.5,0,13.7,265.9,1014.8,2.8,16.6,7,0.13,3810.428571,233,53.07624214,0.866025404,21.17777509
2023-02-25 00:00:00,3675,5,2023,TRUE,21.5,0,9.4,277.8,1016.6,2.7,19,8,0.16,3772,-274,56.58546891,0.866025404,22.64792118
2023-02-26 00:00:00,3613,6,2023,TRUE,23,0,9.4,239.7,1017.9,2.8,19,8,0.2,3768.571429,-62,51.68140998,0.866025404,24.55027473
2023-02-27 00:00:00,3733,0,2023,FALSE,23.2,0,11.2,286,1017.6,2.7,19,8,0.25,3767.142857,120,52.75656664,0.866025404,24.70456702
2023-02-28 00:00:00,3772,1,2023,FALSE,22.5,0,18.4,337.1,1017.7,2.5,18.8,8,0.26,3767.428571,39,50.54319587,0.866025404,23.57750312
2023-03-01 00:00:00,3776,2,2023,FALSE,23.1,1,14.8,0.8,1019,3.6,19,8,0.29,3747.714286,4,44.69548446,0.866025404,24.32046997
2023-03-02 00:00:00,3806,3,2023,FALSE,23.2,0,13,286.9,1019.1,2.6,19.3,8,0.33,3760.571429,30,53.10146969,0.866025404,24.63167107
2023-03-03 00:00:00,3979,4,2023,FALSE,23.3,0,14.2,288.4,1019.5,2.7,19.4,8,0.36,3764.857143,173,54.52629414,0.866025404,24.71042758
2023-03-04 00:00:00,3617,5,2023,TRUE,22.3,0,17.4,268.1,1019.8,2.5,19.5,8,0.39,3756.571429,-362,55.63374821,0.866025404,22.98668694
2023-03-05 00:00:00,3509,6,2023,TRUE,23.2,0,15.1,278.2,1018.5,3.2,19.8,8,0.43,3741.714286,-108,52.07267174,0.866025404,24.55665614
2023-03-06 00:00:00,3653,0,2023,FALSE,22.9,0,18.4,279.6,1016.2,2.9,20.4,8,0.46,3730.285714,144,52.65315721,1,23.95350815
2023-03-07 00:00:00,3656,1,2023,FALSE,23.1,0,14.2,283.7,1015.8,3.2,19.3,8,0.5,3713.714286,3,45.65125126,1,24.5876585
2023-03-08 00:00:00,2506,2,2023,FALSE,23.2,0,13,303.1,1016.9,2.7,18.2,7,0.53,3532.285714,-1150,49.38778469,1,24.50975233
2023-03-09 00:00:00,3266,3,2023,FALSE,23.7,0,13,246.6,1017,3.2,20.3,8,0.56,3455.142857,760,48.8762652,1,25.11934605
2023-03-10 00:00:00,3624,4,2023,FALSE,23.6,0,14.8,271.1,1015.9,2.9,20.9,8,0.6,3404.428571,358,57.4464302,1,24.8131572
2023-03-11 00:00:00,3419,5,2023,TRUE,24,0,13,282.6,1015.6,3.1,21,8,0.63,3376.142857,-205,46.22873637,1,25.85085851
2023-03-12 00:00:00,3424,6,2023,TRUE,24.7,0,11.2,290.7,1014.9,2.9,20.9,8,0.67,3364,5,42.08599993,1,26.87375378
2023-03-13 00:00:00,3742,0,2023,FALSE,25.3,0,13,289,1013.5,3,19.5,8,0.7,3376.714286,318,46.85944319,1,27.31388344
2023-03-14 00:00:00,3775,1,2023,FALSE,25.5,0,14.8,268.5,1010.7,3,21.3,8,0.74,3393.714286,33,51.00130891,1,27.39976515
2023-03-15 00:00:00,3756,2,2023,FALSE,25.6,0,8.8,282.3,1009.6,3.2,20.1,8,0.75,3572.285714,-19,44.90387149,1,28.01304003
2023-03-16 00:00:00,3916,3,2023,FALSE,25.8,0,14.8,119.6,1010.4,2.7,18.3,7,0.81,3665.142857,160,41.26531573,1,28.01562418
2023-03-17 00:00:00,3926,4,2023,FALSE,24.1,0,11.2,112.8,1012,2.8,16.5,7,0.84,3708.285714,10,48.31948991,1,25.54813965
2023-03-18 00:00:00,3587,5,2023,TRUE,20.7,1,19,74.7,1011.4,2.3,18.6,8,0.88,3732.285714,-339,79.36632628,1,20.91952756
2023-03-19 00:00:00,3468,6,2023,TRUE,20.8,1,15.9,95.3,1009.3,2.2,21.2,8,0.91,3738.571429,-119,82.96679983,1,21.18572887
2023-03-20 00:00:00,3716,0,2023,FALSE,20,1,25.9,98.1,1008.1,2.6,15.6,8,0.95,3734.857143,248,79.77420893,1,19.75989546
2023-03-21 00:00:00,3682,1,2023,FALSE,19.9,0,7.6,358.4,1009.3,2.6,18.8,8,0,3721.571429,-34,79.76040076,1,20.67429723
2023-03-22 00:00:00,3915,2,2023,FALSE,21.2,0,14.8,251.9,1010.8,2.2,21.7,9,0.02,3744.285714,233,70.39874291,1,21.73386201
2023-03-23 00:00:00,3693,3,2023,FALSE,23.2,0,12.7,286.8,1009.4,3.1,21.9,9,0.05,3712.428571,-222,57.37348679,1,24.52150993
2023-03-24 00:00:00,3849,4,2023,FALSE,22.2,1,18.4,94.6,1009.1,2.5,18.8,9,0.08,3701.428571,156,69.25260055,1,22.82549308
2023-03-25 00:00:00,3532,5,2023,TRUE,22.8,0,16.6,96.5,1011.8,3.1,20.8,9,0.11,3693.571429,-317,67.62912121,1,23.63815656
2023-03-26 00:00:00,3415,6,2023,TRUE,23.9,0,14.8,317.7,1011.6,3.4,21.9,9,0.15,3686,-117,47.37752475,1,25.42901623
2023-03-27 00:00:00,3749,0,2023,FALSE,22.9,0,17.2,281.6,1010.8,3.2,23,9,0.18,3690.714286,334,56.17228569,1,23.86666373
2023-03-28 00:00:00,3708,1,2023,FALSE,23.8,0,18.5,287.8,1010.4,3.1,22.4,9,0.21,3694.428571,-41,49.25122559,1,25.20434978
2023-03-29 00:00:00,3738,2,2023,FALSE,24.5,1,20.5,136.3,1010.8,2.8,20.6,8,0.25,3669.142857,30,49.46424025,1,26.16792437
2023-04-01 00:00:00,3467,5,2023,TRUE,21.1,1,13,114.1,1009.7,2.6,19.7,9,0.34,3636.857143,-271,76.93349549,1,21.58370248
2023-04-02 00:00:00,3388,6,2023,TRUE,23.3,0,18.4,262.3,1008.6,2.8,23,9,0.37,3571,-79,64.78414876,1,24.20417816
2023-04-03 00:00:00,3638,0,2023,FALSE,24.7,0,14.8,36.3,1007.2,2.8,23.4,9,0.41,3586.142857,250,57.32063702,1,26.04487527
2023-04-04 00:00:00,3607,1,2023,FALSE,24.2,1,18.8,296.6,1009.7,3.5,23.5,9,0.44,3613.571429,-31,54.05146027,1,25.69910338
2023-04-05 00:00:00,3730,2,2023,FALSE,24.5,0,14.8,292.2,1010.3,3.1,24.5,9,0.47,3610.857143,123,42.28145407,1,26.41439069
2023-04-06 00:00:00,3671,3,2023,FALSE,25.1,0,14.8,311.4,1012.5,3.6,24.2,9,0.5,3605.571429,-59,34.11045163,0.866025404,27.39976515
2023-04-07 00:00:00,3803,4,2023,FALSE,25.3,0,16.6,288.3,1014.2,3.5,25.3,10,0.54,3614.857143,132,29.64807321,0.866025404,27.74014795
2023-04-08 00:00:00,3562,5,2023,TRUE,25.6,0,14.8,279.2,1014.6,3.3,25.4,10,0.57,3628.428571,-241,27.00376337,0.866025404,28.13879599
2023-04-09 00:00:00,3457,6,2023,TRUE,26.3,0,14.8,289.9,1014.6,3.1,25.4,10,0.61,3638.285714,-105,26.5105056,0.866025404,29.24734226
2023-04-10 00:00:00,3872,0,2023,FALSE,26.1,0,14.8,273.3,1012.7,3.1,25.2,9,0.65,3671.714286,415,27.00856238,0.866025404,29.00099864
2023-04-11 00:00:00,3963,1,2023,FALSE,27.4,0,16.6,278.7,1011.9,3.2,24.9,9,0.68,3722.571429,91,27.57661372,0.866025404,30.72341442
2023-04-12 00:00:00,4189,2,2023,FALSE,28.6,0,18.4,281.9,1011.4,3.4,24.6,9,0.72,3788.142857,226,29.61224786,0.866025404,32.10028365
2023-04-13 00:00:00,4333,3,2023,FALSE,29.1,0,14.8,272.4,1009.5,4.9,25.5,9,0.75,3882.714286,144,25.22211719,0.866025404,33.06566828
2023-04-14 00:00:00,4369,4,2023,FALSE,29.5,0,16.6,271.2,1008.8,3.2,25,9,0.79,3963.571429,36,22.27945061,0.866025404,33.70668089
2023-04-15 00:00:00,4383,5,2023,TRUE,30.8,0,10.6,240.5,1008.1,3.4,25.6,10,0.82,4080.857143,14,21.2928966,0.866025404,35.29092938
2023-04-16 00:00:00,4406,6,2023,TRUE,31.6,0,14.8,251.7,1007,4.7,25.2,9,0.86,4216.428571,23,23.57193563,0.866025404,36.14496347
2023-04-17 00:00:00,5135,0,2023,FALSE,31.2,0,13.2,271.2,1007.2,3.3,25.4,9,0.9,4396.857143,729,26.95360988,0.866025404,35.36581826
2023-04-18 00:00:00,5422,1,2023,FALSE,32.1,0,14.9,261,1008.3,3.7,23,9,0.93,4605.285714,287,28.95975597,0.866025404,36.1477422
2023-04-19 00:00:00,5308,2,2023,FALSE,30.9,0,18.4,325.4,1006,3.1,22.5,9,0.97,4765.142857,-114,33.65279558,0.866025404,34.35631379
2023-04-20 00:00:00,5101,3,2023,FALSE,28.8,1,27.7,263.4,1003.2,3.3,22.5,9,0,4874.857143,-207,38.42605573,0.866025404,31.62134305
2023-04-21 00:00:00,4762,4,2023,FALSE,28.3,0,17.3,342.3,1004.2,3.4,26,9,0.04,4931,-339,31.75257684,0.866025404,31.59569358
2023-04-22 00:00:00,4317,5,2023,TRUE,28.3,0,18.4,15.4,1005.4,3.6,26.3,10,0.07,4921.571429,-445,26.38167065,0.866025404,31.97494865
2023-04-23 00:00:00,3934,6,2023,TRUE,26.4,0,18.4,312.6,1007.5,3.7,26.3,10,0.1,4854.142857,-383,27.19492037,0.866025404,28.96690846
2023-04-24 00:00:00,4150,0,2023,FALSE,26.3,0,16.6,90.7,1010.5,2.9,23.6,9,0.13,4713.428571,216,33.73498187,0.866025404,28.73457011
2023-04-25 00:00:00,4249,1,2023,FALSE,26.9,0,16.6,118.9,1011.8,3.3,25.3,10,0.16,4545.857143,99,33.93139103,0.866025404,29.6046895
2023-04-26 00:00:00,4490,2,2023,FALSE,28.3,0,9.4,137.5,1008.5,3.1,22.7,9,0.2,4429,241,33.0148062,0.866025404,31.44630635
2023-04-27 00:00:00,4714,3,2023,FALSE,29,0,14.8,142,1007.9,3,24.3,9,0.23,4373.714286,224,29.89337254,0.866025404,32.44980925
2023-04-28 00:00:00,4428,4,2023,FALSE,27.9,0,19.8,80.6,1009,5.4,14.3,7,0.25,4326,-286,38.42596134,0.866025404,30.4681253
2023-04-29 00:00:00,4155,5,2023,TRUE,27.9,0,15.2,241.5,1008.3,2.6,14.2,8,0.29,4302.857143,-273,42.80637646,0.866025404,29.9843485
2023-04-30 00:00:00,3798,6,2023,TRUE,26,1,14.8,37.9,1007.3,6,17.7,7,0.32,4283.428571,-357,54.08337422,0.866025404,27.64610876
2023-05-01 00:00:00,3667,0,2023,FALSE,21.7,1,14.8,74.2,1007.9,2.5,5.8,5,0.36,4214.428571,-131,89.51489445,0.866025404,22.34972105
2023-05-02 00:00:00,3746,1,2023,FALSE,23.6,1,15.5,79.5,1009.3,3.3,15,9,0.39,4142.571429,79,81.23620953,0.866025404,24.4197487
2023-05-03 00:00:00,4069,2,2023,FALSE,23.1,1,18.4,81.9,1010.4,2.3,20.6,9,0.42,4082.428571,323,84.23807515,0.866025404,23.57750312
2023-05-04 00:00:00,3747,3,2023,FALSE,24.7,0,9.4,91.8,1010.2,2.2,26.3,9,0.45,3944.285714,-322,67.56369632,0.866025404,26.09593699
2023-05-05 00:00:00,3963,4,2023,FALSE,28.2,0,11.2,260.3,1008.2,3,26.3,9,0.5,3877.857143,216,53.53770465,0.866025404,30.00702353
2023-05-06 00:00:00,3915,5,2023,TRUE,28.4,0,27.7,271.4,1006.5,2.9,24.9,9,0.52,3843.571429,-48,46.43865509,0.5,30.843689
2023-05-07 00:00:00,3859,6,2023,TRUE,29.4,1,15.3,130.7,1005.4,3,24.1,9,0.56,3852.285714,-56,43.49532193,0.5,31.83630539
2023-05-08 00:00:00,4634,0,2023,FALSE,29.2,0,20.5,96,1004.7,3.2,26.7,10,0.59,3990.428571,775,48.71326749,0.5,31.60471951
2023-05-09 00:00:00,4606,1,2023,FALSE,29.2,0,14.8,292,1007,2.8,27.9,10,0.63,4113.285714,-28,29.41005194,0.5,32.94249648
2023-05-10 00:00:00,4630,2,2023,FALSE,29.1,0,14.8,289.5,1006.7,3.2,28.2,10,0.66,4193.428571,24,22.48404071,0.5,33.18884009
2023-05-11 00:00:00,4934,3,2023,FALSE,30,0,12.6,285,1007.2,3.9,28.4,10,0.7,4363,304,25.40775341,0.5,33.89026887
2023-05-12 00:00:00,5199,4,2023,FALSE,31.5,0,13,255.5,1005.8,3.5,27.7,10,0.75,4539.571429,265,23.07510683,0.5,35.97011425
2023-05-13 00:00:00,5271,5,2023,TRUE,32.9,0,14.8,91.2,1005.1,3.2,27.6,10,0.77,4733.285714,72,28.55643644,0.5,36.88399431
2023-05-14 00:00:00,5236,6,2023,TRUE,33.1,0,14.8,17.6,1002.3,2.7,27.6,10,0.81,4930,-35,29.14897641,0.5,37.00716612
2023-05-15 00:00:00,5733,0,2023,FALSE,32.9,0,21.3,250.5,1002,3.6,27.6,10,0.84,5087,497,25.46700382,0.5,37.56789694
2023-05-16 00:00:00,5781,1,2023,FALSE,32.8,0,22.9,263.9,1004.1,2.5,24.1,8,0.88,5254.857143,48,28.90537472,0.5,36.96935364
2023-05-17 00:00:00,5953,2,2023,FALSE,33,0,14.8,251.8,1005.3,2.9,25.8,10,0.91,5443.857143,172,31.63348179,0.5,36.6376507
2023-05-18 00:00:00,5595,3,2023,FALSE,30.4,1,33.5,322.8,1009.6,3.4,25.3,10,0.95,5538.285714,-358,48.56434775,0.5,32.42241744
2023-05-19 00:00:00,5518,4,2023,FALSE,31.6,0,19.6,279.6,1006.8,4.2,27.5,10,0,5583.857143,-77,35.18334227,0.5,35.25563986
2023-05-20 00:00:00,5526,5,2023,TRUE,33,0,14.8,279.5,1004.5,3.7,27.8,10,0.02,5620.285714,8,29.69732268,0.5,36.88399431
2023-05-21 00:00:00,6011,6,2023,TRUE,34.9,0,14.8,279,1004.4,3.8,27.8,10,0.05,5731,485,23.97727034,0.5,39.59377407
2023-05-22 00:00:00,6532,0,2023,FALSE,37,0,25.2,259,1004.2,5.2,26.6,10,0.08,5845.142857,521,22.42664877,0.5,42.16088515
2023-05-23 00:00:00,6916,1,2023,FALSE,36.6,0,28.4,261,1004.8,3.4,24.5,10,0.12,6007.285714,384,23.97061835,0.5,41.62343415
2023-05-24 00:00:00,6141,2,2023,FALSE,30.4,0,18.4,118.7,1006.1,3.3,22.5,9,0.15,6034.142857,-775,45.35544229,0.5,32.60162368
2023-05-25 00:00:00,5360,3,2023,FALSE,29.2,1,30.6,268.9,1005.3,4.3,26.6,9,0.18,6000.571429,-781,49.25382442,0.5,31.23494351
2023-05-26 00:00:00,5116,4,2023,FALSE,28.3,0,14.8,242.3,1006.4,3.9,27,9,0.21,5943.142857,-244,50.01384238,0.5,30.35588852
2023-05-27 00:00:00,5057,5,2023,TRUE,28.2,1,20.5,98.2,1006.2,5.1,22,9,0.25,5876.142857,-59,61.70335673,0.5,29.32885178
2023-05-28 00:00:00,4833,6,2023,TRUE,32.4,0,12.6,138.8,1006.8,4.7,26.6,9,0.28,5707.857143,-224,57.53396474,0.5,32.67406265
2023-05-29 00:00:00,4892,0,2023,FALSE,28.3,1,15.7,286.1,1008.9,4.2,18.9,9,0.31,5473.571429,59,66.83242139,0.5,29.11562337
2023-05-30 00:00:00,4951,1,2023,FALSE,27.8,1,59.4,245.1,1008.6,3,26.8,9,0.34,5192.857143,59,65.18044962,0.5,28.76154326
2023-05-31 00:00:00,4512,2,2023,FALSE,26,1,26.9,239,1007.8,2.6,23.1,9,0.37,4960.142857,-439,79.98316661,0.5,26.44795177
2023-06-01 00:00:00,4390,3,2023,FALSE,26.7,1,18.4,293,1007.5,2.8,27.7,9,0.41,4821.571429,-122,71.28734118,0.5,27.58822337
2023-06-02 00:00:00,4624,4,2023,FALSE,28.9,0,11.2,297.9,1006.3,4,27.2,10,0.44,4751.285714,234,51.69969769,0.5,30.73008578
2023-06-03 00:00:00,4720,5,2023,TRUE,31.1,0,12.9,269.7,1006.1,3.6,28.1,10,0.47,4703.142857,96,46.91980041,0.5,33.04279201
2023-06-04 00:00:00,4970,6,2023,TRUE,31.7,1,13.2,253.3,1005.7,2.6,13,9,0.5,4722.714286,250,59.53202239,0.5,31.82593543
2023-06-05 00:00:00,5523,0,2023,FALSE,33.3,0,18.4,262.6,1004.2,3.2,27.5,10,0.54,4812.857143,553,49.06135898,0.5,34.73231882
2023-06-06 00:00:00,5561,1,2023,FALSE,32.3,1,14.8,269.1,1004,3.3,28,10,0.58,4900,38,44.90453203,1.22465E-16,34.42055816
2023-06-07 00:00:00,5767,2,2023,FALSE,32.5,0,13.7,269.8,1003.8,3.5,28,10,0.61,5079.285714,206,36.41579181,1.22465E-16,35.50119585
2023-06-08 00:00:00,6004,3,2023,FALSE,33.9,0,18.4,292,1003.1,3.4,28,10,0.65,5309.857143,237,32.80898859,1.22465E-16,37.36435398
2023-06-09 00:00:00,6497,4,2023,FALSE,35.3,0,19.7,258.1,1000.3,3.7,27.9,10,0.68,5577.428571,493,39.44511845,1.22465E-16,37.39991232
2023-06-10 00:00:00,6327,5,2023,TRUE,36.2,0,16.6,259.1,998.8,3.5,26.9,10,0.72,5807,-170,38.62890959,1.22465E-16,38.05727783
2023-06-11 00:00:00,6236,6,2023,TRUE,34.8,1,20.5,278.9,999.7,3.4,27.3,9,0.75,5987.857143,-91,46.10383223,1.22465E-16,36.15645497
2023-06-12 00:00:00,6829,0,2023,FALSE,38.4,0,22.2,277.6,998.6,3.1,27.3,9,0.79,6174.428571,593,43.61408873,1.22465E-16,38.86296395
2023-06-13 00:00:00,7098,1,2023,FALSE,39.6,0,32.7,267.3,998.5,2.9,27.4,10,0.82,6394,269,37.53789086,1.22465E-16,41.22481424
2023-06-14 00:00:00,7226,2,2023,FALSE,38.4,0,26,270.8,999.5,3.4,27.2,9,0.86,6602.428571,128,39.63373827,1.22465E-16,39.61136705
2023-06-15 00:00:00,6859,3,2023,FALSE,36,0,21.8,271.8,1001,4.3,24.8,9,0.9,6724.571429,-367,43.80642229,1.22465E-16,37.1992469
2023-06-16 00:00:00,6774,4,2023,FALSE,36.1,1,22.9,253.9,1000.9,3.3,20.1,9,0.93,6764.142857,-85,54.22366338,1.22465E-16,35.18314938
2023-06-17 00:00:00,6540,5,2023,TRUE,38.1,1,13,238,1001,3.2,23.8,9,0.97,6794.571429,-234,59.87679398,1.22465E-16,35.60435801
2023-06-18 00:00:00,6354,6,2023,TRUE,37.5,1,15.7,118.3,1000.9,2.9,17.1,8,0,6811.428571,-186,65.69066793,1.22465E-16,34.43691255
2023-06-19 00:00:00,6276,0,2023,FALSE,33,1,16.6,64.1,999.9,3.2,11.4,7,0.04,6732.428571,-78,80.43187681,1.22465E-16,30.84771719
2023-06-20 00:00:00,6387,1,2023,FALSE,38,1,14.8,76.6,999.7,3.3,19.1,9,0.07,6630.857143,111,66.50226398,1.22465E-16,34.54372997
2023-06-21 00:00:00,6480,2,2023,FALSE,37.4,1,14.8,220.9,1000.9,3.3,26.6,9,0.1,6524.285714,93,70.47582089,1.22465E-16,33.80469913
2023-06-22 00:00:00,6907,3,2023,FALSE,40.3,1,14.2,241.5,1000.9,3,22.9,7,0.13,6531.142857,427,67.05916218,1.22465E-16,35.51410645
2023-06-23 00:00:00,6971,4,2023,FALSE,41.9,1,14.8,270.7,1000.6,2.9,24,9,0.17,6559.285714,64,68.74489632,1.22465E-16,36.02179166
2023-06-24 00:00:00,6844,5,2023,TRUE,40.6,0,14.8,84,1000,2.7,23.2,9,0.2,6602.714286,-127,68.63118277,1.22465E-16,35.28276082
2023-06-25 00:00:00,6298,6,2023,TRUE,28.9,1,20.7,168.2,1002.1,2.6,15.5,7,0.23,6594.714286,-546,93.69075623,1.22465E-16,28.06220623
2023-06-26 00:00:00,5529,0,2023,FALSE,34.7,1,13,126.3,1002.2,2.4,23.8,9,0.25,6488,-769,85.37808211,1.22465E-16,31.09336449
2023-06-27 00:00:00,5783,1,2023,FALSE,37.1,1,14.8,71.7,1001.1,2.4,23.2,9,0.3,6401.714286,254,85.9516754,1.22465E-16,31.95712202
2023-06-28 00:00:00,6047,2,2023,FALSE,37.1,1,18.4,82,1002.1,2.7,19.7,9,0.33,6339.857143,264,83.96205975,1.22465E-16,32.10028365
2023-06-29 00:00:00,5676,3,2023,FALSE,35.2,1,15.3,86.1,1001.5,3.1,15.8,8,0.36,6164,-371,86.90455101,1.22465E-16,31.09532297
2023-06-30 00:00:00,5840,4,2023,FALSE,34.2,1,14.8,73.4,999.9,2.9,13.2,8,0.39,6002.428571,164,90.51953761,1.22465E-16,30.35588852
2023-08-01 00:00:00,6838,1,2023,FALSE,39.3,0,16.6,256.2,998.3,3.8,25.3,9,0.48,6001.571429,998,73.53807423,1.22465E-16,34.32819474
2023-08-02 00:00:00,7105,2,2023,FALSE,39.2,1,18.4,248,999,3.5,21.7,9,0.5,6116.857143,267,78.36175181,1.22465E-16,33.47896874
2023-08-03 00:00:00,7018,3,2023,FALSE,39,1,18.4,266.3,999,3.3,21.8,9,0.55,6329.571429,-87,80.21599992,1.22465E-16,33.35363373
2023-08-04 00:00:00,6610,4,2023,FALSE,36.7,1,16.6,237.6,1001.3,2.9,14,5,0.59,6447.714286,-408,85.93246726,1.22465E-16,31.71783658
2023-08-05 00:00:00,6150,5,2023,TRUE,37.4,1,14.8,271.9,1002.7,2.7,19.5,9,0.62,6462.428571,-460,87.47922923,1.22465E-16,31.95712202
2023-08-06 00:00:00,6223,6,2023,TRUE,39.4,0,22.3,246,1000.2,3.6,12.9,6,0.65,6540.571429,73,72.67281175,-0.866025404,34.41007706
2023-08-07 00:00:00,6331,0,2023,FALSE,35.8,0,17.8,243.5,997.9,3.6,22.1,9,0.69,6610.714286,108,70.34805237,-0.866025404,32.9721999
2023-08-08 00:00:00,6372,1,2023,FALSE,36.5,0,19.8,244.7,998.7,6.8,21.8,8,0.75,6544.142857,41,66.78169157,-0.866025404,33.87230484
2023-08-09 00:00:00,6372,2,2023,FALSE,37.1,0,22.1,244.6,1002.5,7.1,20.8,8,0.76,6439.428571,0,65.27742395,-0.866025404,34.40752036
2023-08-10 00:00:00,6649,3,2023,FALSE,37.1,1,16.6,245.8,1004.4,3.6,15,8,0.79,6386.714286,277,70.43939306,-0.866025404,33.58237812
2023-08-11 00:00:00,6670,4,2023,FALSE,37,0,15.2,258.4,1004.5,3.6,14.5,9,0.82,6395.285714,21,65.64987515,-0.866025404,34.18106161
2023-08-12 00:00:00,6373,5,2023,TRUE,36.3,0,18.4,244.8,1002.3,3.8,21.5,9,0.86,6427.142857,-297,60.7659544,-0.866025404,34.60698381
2023-08-13 00:00:00,6197,6,2023,TRUE,35.9,0,16.4,224.5,1000.3,3.4,16.1,6,0.89,6423.428571,-176,65.17438198,-0.866025404,33.70400257
2023-08-14 00:00:00,6210,0,2023,FALSE,36.7,0,13,155.4,1003.9,3.3,13.4,8,0.93,6406.142857,13,69.58392835,-0.866025404,33.40982063
2023-08-15 00:00:00,6037,1,2023,FALSE,37.8,1,13,151.1,1004.6,3.1,21.4,9,0.96,6358.285714,-173,79.6787141,-0.866025404,32.67830816
2023-08-16 00:00:00,6804,2,2023,FALSE,40.3,1,16.6,276.6,1004.1,3.1,22.4,9,0,6420,767,71.4800304,-0.866025404,34.94970859
2023-08-17 00:00:00,6957,3,2023,FALSE,38.5,0,15.2,263.8,1003.7,3.8,20.7,9,0.03,6464,153,63.13500724,-0.866025404,35.29195626
2023-08-18 00:00:00,7160,4,2023,FALSE,39.7,0,16.6,275.8,1003.5,3.5,24.3,9,0.06,6534,203,63.22051607,-0.866025404,35.81982797
2023-08-19 00:00:00,6910,5,2023,TRUE,39.1,1,13,83.8,1003.7,3.7,21.4,9,0.1,6610.714286,-250,80.6891206,-0.866025404,33.28790188
2023-08-20 00:00:00,6781,6,2023,TRUE,41.1,0,14.8,103.3,1004.3,3.5,20.5,9,0.13,6694.142857,-129,73.62106404,-0.866025404,34.91324539
2023-08-21 00:00:00,7288,0,2023,FALSE,42.7,0,10.1,183,1003,3.6,16.2,9,0.17,6848.142857,507,72.4500027,-0.866025404,35.63344305
2023-08-22 00:00:00,7437,1,2023,FALSE,41.2,0,18.4,217.2,1001.1,3.2,13.3,6,0.2,7048.142857,149,80.28092485,-0.866025404,33.98030877
2023-08-23 00:00:00,6346,2,2023,FALSE,32.9,1,14.8,196.7,1000.5,2.7,1.3,1,0.23,6982.714286,-1091,92.64514154,-0.866025404,29.61685768
2023-08-24 00:00:00,5988,3,2023,FALSE,33.5,0,14.8,242.5,999.9,3.5,18.7,7,0.25,6844.285714,-358,75.38116231,-0.866025404,31.46443479
2023-08-25 00:00:00,6252,4,2023,FALSE,35.2,0,14.8,239.1,1000,3.6,23.9,9,0.3,6714.571429,264,67.46994138,-0.866025404,33.06566828
2023-08-26 00:00:00,6014,5,2023,TRUE,35,0,17.8,250.5,1001.8,3.5,14.8,7,0.34,6586.571429,-238,62.83365156,-0.866025404,33.5972036
2023-08-27 00:00:00,5874,6,2023,TRUE,34.2,0,17.8,256.6,1001.6,3.4,23,9,0.37,6457,-140,58.07702296,-0.866025404,33.72220434
2023-08-28 00:00:00,6468,0,2023,FALSE,34.9,0,24,256.7,1001.8,3.4,15.1,9,0.4,6339.857143,594,62.05458684,-0.866025404,33.53451104
2023-08-29 00:00:00,6489,1,2023,FALSE,36.2,0,17.3,265,1003.8,3.8,23.8,9,0.44,6204.428571,21,60.74355069,-0.866025404,34.46413567
2023-08-30 00:00:00,6352,2,2023,FALSE,36.7,0,16.6,271.9,1005.7,3.7,23.7,9,0.47,6205.285714,-137,61.87722565,-0.866025404,34.57680028
2023-08-31 00:00:00,6703,3,2023,FALSE,36.8,0,15.2,280.1,1006.4,3.7,23.6,9,0.5,6307.428571,351,60.46696516,-0.866025404,34.92165805
2023-09-01 00:00:00,6792,4,2023,FALSE,37.3,0,18.4,273.3,1006.2,3.7,23,9,0.54,6384.571429,89,58.42677311,-0.866025404,35.60966387
2023-09-02 00:00:00,6579,5,2023,TRUE,35.5,0,19.4,288.3,1004,12.3,23.4,9,0.57,6465.285714,-213,43.99874979,-0.866025404,36.76252397
2023-09-03 00:00:00,6744,6,2023,TRUE,34.7,0,16.6,277.3,1003.7,6.5,23.2,9,0.61,6589.571429,165,51.91991772,-0.866025404,34.94970859
2023-09-04 00:00:00,6646,0,2023,FALSE,34.9,0,16.6,283.8,1003.4,3.8,23.2,9,0.64,6615,-98,55.80786719,-0.866025404,34.57680028
2023-09-05 00:00:00,6993,1,2023,FALSE,37,0,12.2,63,1004.1,4.4,22.2,9,0.67,6687,347,59.76329625,-0.866025404,34.97467675
2023-09-06 00:00:00,6725,2,2023,FALSE,35.4,0,9.4,179.2,1005.1,4.2,16,9,0.71,6740.285714,-268,57.18691359,-1,34.41873377
2023-09-07 00:00:00,6409,3,2023,FALSE,35.4,1,14.8,263.2,1004.6,3.2,21.9,9,0.75,6698.285714,-316,64.37216972,-1,33.55835551
2023-09-08 00:00:00,6049,4,2023,FALSE,34.4,0,18.4,101.1,1004.6,3.5,18.4,8,0.77,6592.142857,-360,65.07093045,-1,33.10296372
2023-09-09 00:00:00,5930,5,2023,TRUE,30.1,1,23,64.1,1004.2,3.3,4.4,5,0.81,6499.428571,-119,86.75915486,-1,29.05834693
2023-09-10 00:00:00,4536,6,2023,TRUE,26.8,1,14.8,43.6,1002.1,2.8,3,2,0.84,6184,-1394,97.07042869,-1,27.15342153
2023-09-11 00:00:00,5302,0,2023,FALSE,31.3,1,11.2,65.1,1002.5,2.6,14.7,7,0.87,5992,766,85.26770414,-1,29.76600278
2023-09-12 00:00:00,5696,1,2023,FALSE,33.6,0,9.4,85.7,1002.9,3.2,21.5,8,0.91,5806.714286,394,78.13497299,-1,31.44630635
2023-09-13 00:00:00,6246,2,2023,FALSE,38.2,0,11.2,107.3,1003.2,3.1,19.1,8,0.94,5738.285714,550,75.20113843,-1,33.50182441
2023-09-14 00:00:00,6754,3,2023,FALSE,40.6,0,11.2,124.5,1004.2,3.2,18.9,8,0.97,5787.571429,508,72.3298199,-1,34.82743854
2023-09-15 00:00:00,6429,4,2023,FALSE,36.1,1,18.4,73.2,1005.4,3.1,19,7,0,5841.857143,-325,81.97957178,-1,31.84961364
2023-09-16 00:00:00,5949,5,2023,TRUE,33.4,1,18.4,61.8,1004.6,2.7,20,8,0.04,5844.571429,-480,90.51286509,-1,30.22025854
2023-09-17 00:00:00,5208,6,2023,TRUE,33.1,1,18.4,92.1,1002.7,3,18.8,8,0.08,5940.571429,-741,86.85936607,-1,30.47092855
2023-09-18 00:00:00,5570,0,2023,FALSE,32.7,0,18.4,113.9,1003.8,3.7,19.1,8,0.11,5978.857143,362,76.70204038,-1,31.09760359
2023-09-19 00:00:00,6037,1,2023,FALSE,36.2,0,13,123.5,1006.3,3.9,18.8,8,0.15,6027.571429,467,69.98299033,-1,33.28790188
2023-09-20 00:00:00,6373,2,2023,FALSE,36.9,0,7.9,167,1006.4,8,15.3,8,0.18,6045.714286,336,61.17889403,-1,34.60789536
2023-09-21 00:00:00,6660,3,2023,FALSE,37.2,1,14.8,236.6,1005.7,3.2,14.5,8,0.22,6032.285714,287,69.63980744,-1,33.80469913
2023-09-22 00:00:00,6556,4,2023,FALSE,37,0,9.4,272,1006,3.1,20.6,8,0.25,6050.428571,-104,70.03831328,-1,33.58645409
2023-09-23 00:00:00,6341,5,2023,TRUE,33.4,1,31.7,129.4,1007,2.5,19.2,8,0.25,6106.428571,-215,83.83137624,-1,30.58041038
2023-09-24 00:00:00,5386,6,2023,TRUE,31.2,0,63.4,321.2,1006.6,2.9,19.5,8,0.32,6131.857143,-955,76.18203664,-1,30.55810359
2023-09-25 00:00:00,5712,0,2023,FALSE,32.5,0,9.4,21.5,1006.8,3,18.9,8,0.36,6152.142857,326,70.18265788,-1,31.80299764
2023-09-26 00:00:00,5797,1,2023,FALSE,34,0,11.2,352.4,1007.9,2.9,20.2,8,0.39,6117.857143,85,67.41088247,-1,32.65825179
2023-09-27 00:00:00,5723,2,2023,FALSE,32.1,0,13,299.9,1008,3.2,20.4,8,0.43,6025,-74,62.95621382,-1,32.06871444
2023-09-28 00:00:00,5322,3,2023,FALSE,29.3,0,14.5,294.2,1007.6,4.3,21.1,8,0.46,5833.857143,-401,57.91594007,-1,30.97169948
2023-09-29 00:00:00,5511,4,2023,FALSE,30.1,0,11.2,299.8,1007.3,2.9,20.6,8,0.5,5684.571429,189,59.78489706,-1,31.21212728
2023-09-30 00:00:00,5199,5,2023,TRUE,30.9,0,14.8,303.5,1007.1,3,20.4,8,0.53,5521.428571,-312,58.46448711,-1,31.95712202
2023-10-01 00:00:00,5076,6,2023,TRUE,29.4,0,14.8,307.1,1006.6,2.6,20.3,8,0.56,5477.142857,-123,55.4948656,-1,31.21809117
2023-10-02 00:00:00,4614,0,2023,FALSE,27.5,0,14.8,306.2,1007.6,3.1,20.6,8,0.59,5320.285714,-462,48.31662291,-1,29.74002949
2023-10-03 00:00:00,4859,1,2023,FALSE,26.9,0,16.6,284.9,1008.2,3,20.6,8,0.63,5186.285714,245,45.76470137,-1,29.10747842
2023-10-04 00:00:00,4930,2,2023,FALSE,27.9,0,16.6,289.1,1008.4,3.2,20.5,8,0.66,5073,71,51.82161936,-1,29.72899227
2023-10-05 00:00:00,4927,3,2023,FALSE,27.7,0,14.8,297.3,1007.8,3.1,20,8,0.69,5016.571429,-3,50.49601753,-1,29.61685768
2023-10-06 00:00:00,4996,4,2023,FALSE,28.2,0,13,283.9,1006.7,3.4,19.8,8,0.75,4943,69,49.96158633,-0.866025404,30.11801454
2023-10-07 00:00:00,4968,5,2023,TRUE,30.4,0,14.8,268.9,1008,3.4,19.4,8,0.76,4910,-28,56.2147786,-0.866025404,31.34126298
2023-10-08 00:00:00,5316,6,2023,TRUE,32.6,0,14.8,245.7,1008.5,3.6,18.8,8,0.79,4944.285714,348,58.26931348,-0.866025404,32.81932467
2023-10-09 00:00:00,5583,0,2023,FALSE,32.6,0,14.8,258.9,1009.1,3.6,18.6,8,0.82,5082.714286,267,56.55250113,-0.866025404,33.06566828
2023-10-10 00:00:00,5567,1,2023,FALSE,31,0,13,279.8,1010.1,3.6,18.6,8,0.85,5183.857143,-16,51.70778373,-0.866025404,32.31255193
2023-10-11 00:00:00,5086,2,2023,FALSE,27.9,0,16.6,288.7,1011.3,3,19,8,0.89,5206.142857,-481,51.21990735,-0.866025404,29.9775978
2023-10-12 00:00:00,4945,3,2023,FALSE,26.9,0,11.2,303.3,1012.6,3.3,19,8,0.92,5208.714286,-141,50.66219856,-0.866025404,28.92243016
2023-10-13 00:00:00,5065,4,2023,FALSE,28.4,0,14.8,319.7,1012.9,2.5,18.7,8,0.95,5218.571429,120,51.92423916,-0.866025404,30.23271672
2023-10-14 00:00:00,4817,5,2023,TRUE,29,0,13,306.1,1012.1,2.8,18.3,8,0,5197,-248,51.45173223,-0.866025404,31.09336449
2023-10-15 00:00:00,4530,6,2023,TRUE,27.9,0,16.6,19.8,1010.5,3.1,17.6,7,0.02,5084.714286,-287,55.52349953,-0.866025404,29.6046895
2023-10-16 00:00:00,4557,0,2023,FALSE,25.6,1,37.1,31.6,1011.9,3,12.2,6,0.05,4938.142857,27,58.59677085,-0.866025404,26.59043601
2023-10-17 00:00:00,4158,1,2023,FALSE,21.9,1,14.8,69.8,1015.7,2.8,17.5,7,0.09,4736.857143,-399,76.58728347,-0.866025404,22.59606466
2023-10-18 00:00:00,4190,2,2023,FALSE,24,0,14.8,297.5,1015.5,5.6,17.8,7,0.12,4608.857143,32,55.05679733,-0.866025404,25.55218804
2023-10-19 00:00:00,4133,3,2023,FALSE,23.5,0,11.2,285.7,1015.4,3.9,18,8,0.16,4492.857143,-57,54.90625063,-0.866025404,24.94558777
2023-10-20 00:00:00,4205,4,2023,FALSE,23.8,0,11.2,298.9,1015.8,3.9,17.7,7,0.2,4370,72,56.05682835,-0.866025404,25.3071189
2023-10-21 00:00:00,3919,5,2023,TRUE,23.6,0,7.6,306.8,1016.3,2.5,17.7,7,0.23,4241.714286,-286,56.0073159,-0.866025404,25.23728114
2023-10-22 00:00:00,3670,6,2023,TRUE,24.1,0,11.2,291,1016.7,2.4,16.9,7,0.25,4118.857143,-249,57.19920383,-0.866025404,25.54813965
2023-10-23 00:00:00,4024,0,2023,FALSE,24.4,0,11.4,293.6,1015,5.2,17.2,7,0.3,4042.714286,354,54.42648096,-0.866025404,26.02343523
2023-10-24 00:00:00,3507,1,2023,FALSE,24.2,0,11.2,279.7,1014.4,3,17.2,7,0.34,3949.714286,-517,53.01390093,-0.866025404,25.90967078
2023-10-25 00:00:00,4113,2,2023,FALSE,24,0,13,282,1015.1,2.5,17.2,7,0.37,3938.714286,606,55.72123225,-0.866025404,25.36318354
2023-10-26 00:00:00,4108,3,2023,FALSE,23.9,0,10.6,275.9,1014.8,2.7,17.1,7,0.41,3935.142857,-5,51.24509252,-0.866025404,25.57105058
2023-10-27 00:00:00,4114,4,2023,FALSE,23.4,0,11.2,278.6,1014.1,2.5,17.1,7,0.44,3922.142857,6,48.82263305,-0.866025404,24.94558777
2023-10-28 00:00:00,3873,5,2023,TRUE,23.8,0,7.6,294.9,1014.3,2.5,13.8,6,0.48,3915.571429,-241,48.29258342,-0.866025404,25.58827991
2023-10-29 00:00:00,3692,6,2023,TRUE,24.2,0,9.4,90.2,1014.2,4.1,16.2,7,0.5,3918.714286,-181,47.79772466,-0.866025404,26.09593699
2023-10-30 00:00:00,4133,0,2023,FALSE,25,0,9.4,70.3,1014.9,2.2,16.1,7,0.55,3934.285714,441,54.90344983,-0.866025404,26.69042248
2023-10-31 00:00:00,4210,1,2023,FALSE,25,0,9.4,84.9,1016.4,2,15.9,7,0.58,4034.714286,77,63.50357356,-0.866025404,26.45262828
2023-11-01 00:00:00,4320,2,2023,FALSE,24.2,0,7.6,55.6,1016.9,1.9,15.9,7,0.61,4064.285714,110,61.36851112,-0.866025404,25.70527949
2023-11-02 00:00:00,4199,3,2023,FALSE,23.8,0,7.6,336.3,1015.2,1.3,15.9,7,0.64,4077.285714,-121,69.94291616,-0.866025404,24.88628238
2023-11-03 00:00:00,4231,4,2023,FALSE,22.8,0,7.6,290.9,1012.8,1.3,15.6,7,0.67,4094,32,70.25317521,-0.866025404,24.06728527
2023-11-04 00:00:00,3928,5,2023,TRUE,23,0,7.6,304.3,1013.1,1.3,15.4,7,0.71,4101.857143,-303,74.34025156,-0.866025404,23.95028568
2023-11-05 00:00:00,3845,6,2023,TRUE,23.3,0,9.4,272,1014.7,1.2,15.9,7,0.75,4123.714286,-83,65.61399691,-0.866025404,24.55027473
2023-11-06 00:00:00,4074,0,2023,FALSE,22.5,0,7.6,120.4,1016.2,1.4,15.9,7,0.77,4115.285714,229,60.6097491,-0.5,23.83328609
2023-11-07 00:00:00,4055,1,2023,FALSE,23.1,0,7.6,265.2,1015.3,1.5,15.4,7,0.8,4093.142857,-19,59.61143831,-0.5,24.65228321
2023-11-08 00:00:00,4141,2,2023,FALSE,23.4,0,7.6,283.4,1014.3,1.3,15,7,0.84,4067.571429,86,62.79427449,-0.5,24.88628238
2023-11-09 00:00:00,4067,3,2023,FALSE,23.7,0,11.2,247.4,1014.2,3.3,14.8,7,0.87,4048.714286,-74,58.21493824,-0.5,25.06609815
2023-11-10 00:00:00,4136,4,2023,FALSE,20.3,1,13,238.4,1016.7,1.8,11.7,6,0.9,4035.142857,69,83.96140316,-0.5,20.73027127
2023-11-11 00:00:00,3606,5,2023,TRUE,19.8,0,13,295,1018.2,2,14.6,6,0.93,3989.142857,-530,73.84821004,-0.5,20.12067755
2023-11-12 00:00:00,3060,6,2023,TRUE,19.8,0,13,271.6,1018.5,2.4,14.8,7,0.96,3877,-546,69.67973657,-0.5,20.12067755
2023-11-13 00:00:00,2911,0,2023,FALSE,19.7,0,7.6,268.9,1018.4,1.3,14.2,7,0,3710.857143,-149,71.00823073,-0.5,20.32329846
2023-11-14 00:00:00,3345,1,2023,FALSE,19.9,0,7.6,270.7,1017.9,3.3,11.5,5,0.03,3609.428571,434,62.80064173,-0.5,20.67429723
2023-11-15 00:00:00,3601,2,2023,FALSE,19.1,0,9.4,272.2,1017.7,1.4,14.7,7,0.07,3532.285714,256,67.31098253,-0.5,19.55659667
2023-11-16 00:00:00,3611,3,2023,FALSE,19.1,0,9.4,263.6,1018.5,1.1,14.4,6,0.1,3467.142857,10,73.72746608,-0.5,19.55659667
2023-11-17 00:00:00,3886,4,2023,FALSE,20.1,0,5.4,84.7,1018.2,1.5,14.2,6,0.14,3431.428571,275,69.73776,-0.5,21.15859702
2023-11-18 00:00:00,3597,5,2023,TRUE,20.6,0,9.4,150.3,1016.5,1.4,13.8,6,0.17,3430.142857,-289,66.31767051,-0.5,21.34005312
2023-11-19 00:00:00,3493,6,2023,TRUE,19.9,0,11.2,109.3,1017.3,1.7,14,6,0.21,3492,-104,65.74098312,-0.5,20.36619352
2023-11-20 00:00:00,3534,0,2023,FALSE,19.5,0,9.4,270.3,1017.6,2.8,14,6,0.25,3581,41,66.95507166,-0.5,20.03218505
2023-11-21 00:00:00,3657,1,2023,FALSE,18.8,0,13.7,262.7,1016.7,1.6,14,6,0.28,3625.571429,123,69.03284675,-0.5,18.8517495
2023-11-22 00:00:00,3723,2,2023,FALSE,17.8,0,11.2,264.1,1014.8,1.3,14,6,0.32,3643,66,64.8595039,-0.5,17.83547564
2023-11-23 00:00:00,3710,3,2023,FALSE,18.6,0,9.4,127,1014.3,2.4,14,6,0.35,3657.142857,-13,61.27520766,-0.5,18.96211118
2023-11-24 00:00:00,3995,4,2023,FALSE,18.3,0,7.6,271.3,1016.3,1.3,13.5,6,0.39,3672.714286,285,66.70525489,-0.5,18.80230383
2023-11-25 00:00:00,3741,5,2023,TRUE,18.1,0,8.2,247.5,1017.7,1.4,13,6,0.42,3693.285714,-254,67.5479033,-0.5,18.497349
2023-11-26 00:00:00,3839,6,2023,TRUE,19.4,0,11.2,99.5,1018.2,1.4,9.2,5,0.46,3742.714286,98,64.35700774,-0.5,19.76364164
2023-11-27 00:00:00,3934,0,2023,FALSE,18.5,1,18.4,76.2,1015.8,1.2,7.9,4,0.5,3799.857143,95,73.14626764,-0.5,18.18809779
2023-11-28 00:00:00,3825,1,2023,FALSE,17.7,1,9.4,54.1,1015.6,1.6,8.3,6,0.53,3823.857143,-109,86.39790858,-0.5,17.89203731
2023-11-29 00:00:00,3884,2,2023,FALSE,18.5,0,9.4,101.6,1015.7,1.2,10,6,0.56,3846.857143,59,79.56566364,-0.5,18.84321408
2023-11-30 00:00:00,3842,3,2023,FALSE,19.1,0,13,115.9,1016.6,1.1,10,6,0.59,3865.714286,-42,81.19373693,-0.5,19.26724635
2023-12-01 00:00:00,4023,4,2023,FALSE,19.6,0,7.6,343.4,1017.1,2,12.1,6,0.62,3869.714286,181,79.21141855,-0.5,20.32329846
2023-12-02 00:00:00,3725,5,2023,TRUE,17.9,0,8,304.4,1017.8,1,12.6,6,0.66,3867.428571,-298,82.08881605,-0.5,18.28559847
2023-12-03 00:00:00,3838,6,2023,TRUE,18.4,0,9.4,315.7,1018,1.4,12.6,6,0.69,3867.285714,113,71.71288799,-0.5,18.72431699
2023-12-04 00:00:00,3835,0,2023,FALSE,19.7,1,11.2,345.8,1017,3.4,9.6,5,0.72,3853.142857,-3,64.84547328,-0.5,20.12517277
2023-12-05 00:00:00,3836,1,2023,FALSE,17.9,0,13,317.8,1016.2,1.9,12.6,6,0.75,3854.714286,1,66.62141595,-0.5,17.80422142
2023-12-06 00:00:00,3887,2,2023,FALSE,16.9,0,7.6,249.2,1016.8,1.8,12.6,6,0.78,3855.142857,51,70.03226857,-2.44929E-16,17.1643096
2023-12-07 00:00:00,3870,3,2023,FALSE,16.7,0,7.8,262.1,1016.2,1.6,12.5,6,0.82,3859.142857,-17,73.79207633,-2.44929E-16,16.90295342
2023-12-08 00:00:00,4070,4,2023,FALSE,17.4,0,11.2,280.3,1015.7,1.6,12.5,6,0.85,3865.857143,200,66.51621616,-2.44929E-16,17.35343414
2023-12-09 00:00:00,3874,5,2023,TRUE,16.9,0,13,284.8,1016.5,1.8,12.6,6,0.88,3887.142857,-196,65.96967468,-2.44929E-16,16.58503398
2023-12-10 00:00:00,3940,6,2023,TRUE,15.6,0,18.4,265.8,1015,1.9,12.9,6,0.91,3901.714286,66,65.6901975,-2.44929E-16,14.55338256
2023-12-11 00:00:00,3946,0,2023,FALSE,15.5,0,9.4,262.6,1015.7,3.6,13,6,0.95,3917.571429,6,58.5159245,-2.44929E-16,15.27630118
2023-12-12 00:00:00,4008,1,2023,FALSE,15.8,0,9.4,134.4,1014.6,1.9,12.4,6,0.98,3942.142857,62,68.45242576,-2.44929E-16,15.75188957
2023-12-13 00:00:00,4117,2,2023,FALSE,16.3,0,9.4,312.5,1016.4,1.7,12.7,6,0,3975,109,64.53023815,-2.44929E-16,16.22747795
2023-12-14 00:00:00,3830,3,2023,FALSE,15.3,0,16.6,250.5,1017.6,1.8,12,6,0.05,3969.285714,-287,60.93392791,-2.44929E-16,14.43975161
2023-12-15 00:00:00,4243,4,2023,FALSE,15.4,0,10.1,266.2,1018.6,2.8,12.5,6,0.08,3994,413,58.89226966,-2.44929E-16,15.07032657
2023-12-16 00:00:00,4034,5,2023,TRUE,16.3,0,9.4,317,1017.2,7.6,12,6,0.12,4016.857143,-209,44.87211035,-2.44929E-16,16.22747795
2023-12-17 00:00:00,4136,6,2023,TRUE,15.8,0,11.2,303.6,1018.3,2,12.5,6,0.15,4044.857143,102,59.7982259,-2.44929E-16,15.42526813
2023-12-18 00:00:00,4158,0,2023,FALSE,14.5,0,18.4,268.8,1020.1,1.9,12.7,6,0.19,4075.142857,22,68.64932522,-2.44929E-16,13.30003249
2023-12-19 00:00:00,4351,1,2023,FALSE,14.4,0,18.4,271.7,1020.2,2,12.7,6,0.22,4124.142857,193,60.71978896,-2.44929E-16,13.17469748
2023-12-20 00:00:00,4361,2,2023,FALSE,14.2,0,13,266.9,1019.8,2.1,12.4,6,0.25,4159,10,66.28141548,-2.44929E-16,13.2932279
2023-12-21 00:00:00,4344,3,2023,FALSE,14.3,0,11.2,265.8,1017.9,1.5,11.9,6,0.3,4232.428571,-17,71.90495997,-2.44929E-16,13.61761251
2023-12-22 00:00:00,4582,4,2023,FALSE,14.3,0,13,268.3,1017.7,0.9,12.5,6,0.33,4280.857143,238,73.86295973,-2.44929E-16,13.41514664
2023-12-23 00:00:00,4277,5,2023,TRUE,16.3,0,11.2,112.7,1019.4,2.2,12.1,6,0.37,4315.571429,-305,68.99138957,-2.44929E-16,16.02782001
2023-12-24 00:00:00,4288,6,2023,TRUE,16,0,9.4,305.6,1021.3,1,12,6,0.4,4337.285714,11,74.6510516,-2.44929E-16,15.87078666
2023-12-25 00:00:00,4532,0,2023,FALSE,14.8,0,11.2,257.6,1019.7,0.9,12.4,6,0.44,4390.714286,244,79.56325972,-2.44929E-16,14.22016438
2023-12-26 00:00:00,4400,1,2023,FALSE,14.1,0,9.4,270.8,1019.1,1.7,11.3,6,0.47,4397.714286,-132,79.99412608,-2.44929E-16,13.61174182
2023-12-27 00:00:00,4531,2,2023,FALSE,13,0,9.4,255.4,1020.5,0.5,12.6,6,0.5,4422,131,91.21220263,-2.44929E-16,12.30387376
2023-12-28 00:00:00,4578,3,2023,FALSE,12.7,0,9.4,258.5,1019.4,0.5,12.8,6,0.54,4455.428571,47,90.59737196,-2.44929E-16,12.06607956
2023-12-29 00:00:00,4884,4,2023,FALSE,13.8,0,9.4,159.8,1020,0.5,12.5,6,0.57,4498.571429,306,93.68901697,-2.44929E-16,13.25505053
2023-12-30 00:00:00,4556,5,2023,TRUE,14.6,0,9.4,28.6,1018.7,0.9,9.8,5,0.6,4538.428571,-328,89.54450759,-2.44929E-16,14.20622731
2023-12-31 00:00:00,4634,6,2023,TRUE,13.3,0,9.4,72.6,1018.8,1,12.8,6,0.64,4587.857143,78,86.53188439,-2.44929E-16,12.66056505
